Date (日期),Ticker (股票代码),Name (名称),Type (类型),Volume (成交量),Signal Strength,Direction (方向),ML_Prob,ML_Detail,Pattern (形态),Daily_J,Weekly_J,Price,ATR,Stop_Loss (止损),Suggested_Shares (建议股数),Position_Size (建议仓位$)
2026-07-15,NO_SIGNAL,无信号,Info,0,No Signal,无信号,,,无信号,,,,,,,
2026-06-05,NO_SIGNAL,无信号,Info,0,No Signal,无信号,,,无信号,,,,,,,
2026-05-20,NO_SIGNAL,无信号,Info,0,No Signal,无信号,,,无信号,,,,,,,
2026-03-02,NO_SIGNAL,无信号,Info,0,No Signal,无信号,,,无信号,,,,,,,
2026-07-01,IWM,罗素2000指数ETF,Index ETF,20383671,Strong,Short,24.7%,XGB:0.08|LGB:0.14|LR:0.40|N:316|Base:0.28,"Doji (十字星), Doji (十字星), Doji (十字星)",77.59,94.17,299.32,5.33,309.98,46.0,13768.0
2026-06-30,IWM,罗素2000指数ETF,Index ETF,19867674,Strong + Div,Short,29.6%,XGB:0.18|LGB:0.14|LR:0.46|N:315|Base:0.28,"Doji (十字星), Doji (十字星)",91.45,99.83,300.45,5.45,311.35,45.0,13520.0
2026-06-29,IWM,罗素2000指数ETF,Index ETF,24616296,Strong,Short,29.3%,XGB:0.12|LGB:0.16|LR:0.45|N:314|Base:0.28,"Doji (十字星), Doji (十字星), Doji (十字星)",84.34,96.09,298.97,5.6,310.17,44.0,13154.0
2026-06-26,IWM,罗素2000指数ETF,Index ETF,38304807,Strong + Div,Short,31.4%,XGB:0.41|LGB:0.34|LR:0.48|N:313|Base:0.28,Doji (十字星),87.92,97.32,299.83,5.63,311.09,44.0,13192.0
2026-06-25,IWM,罗素2000指数ETF,Index ETF,26212547,Strong + Div,Short,28.2%,XGB:0.27|LGB:0.18|LR:0.52|N:312|Base:0.28,"Doji (十字星), Doji (十字星), Doji (十字星)",83.73,95.02,298.91,5.74,310.39,43.0,12853.0
2026-06-24,IWM,罗素2000指数ETF,Index ETF,28157782,Strong,Short,30.4%,XGB:0.36|LGB:0.25|LR:0.56|N:311|Base:0.28,"Doji (十字星), Doji (十字星), Doji (十字星)",86.1,93.46,296.69,5.81,308.31,43.0,12757.0
2026-06-23,IWM,罗素2000指数ETF,Index ETF,26360368,Strong,Short,31.6%,XGB:0.19|LGB:0.15|LR:0.55|N:310|Base:0.28,"Doji (十字星), Doji (十字星), Doji (十字星)",87.99,90.29,295.32,5.87,307.06,42.0,12403.0
2026-06-22,IWM,罗素2000指数ETF,Index ETF,22330405,Strong,Short,33.0%,XGB:0.25|LGB:0.28|LR:0.57|N:309|Base:0.28,Doji (十字星),96.92,97.92,298.18,5.88,309.94,42.0,12523.0
2026-06-18,IWM,罗素2000指数ETF,Index ETF,32132338,Strong + Div,Short,33.3%,XGB:0.15|LGB:0.19|LR:0.64|N:308|Base:0.29,"Doji (十字星), Doji (十字星), Doji (十字星)",85.6,94.48,295.59,6.03,307.65,41.0,12119.0
2026-06-16,IWM,罗素2000指数ETF,Index ETF,23345642,Strong,Short,31.0%,XGB:0.31|LGB:0.34|LR:0.53|N:306|Base:0.29,"Doji (十字星), Doji (十字星)",82.8,84.56,292.08,5.96,304.0,41.0,11975.0
2026-06-15,IWM,罗素2000指数ETF,Index ETF,23642851,Strong + Div,Short,30.6%,XGB:0.40|LGB:0.19|LR:0.57|N:305|Base:0.29,"Doji (十字星), Doji (十字星)",88.99,91.79,294.64,6.02,306.68,41.0,12080.0
2026-06-12,IWM,罗素2000指数ETF,Index ETF,33943341,Strong + Div,Short,29.6%,XGB:0.24|LGB:0.27|LR:0.55|N:304|Base:0.29,Doji (十字星),79.55,92.82,292.95,6.11,305.17,40.0,11718.0
2026-06-03,IWM,罗素2000指数ETF,Index ETF,28654690,Strong,Short,30.1%,XGB:0.36|LGB:0.37|LR:0.44|N:297|Base:0.27,"Doji (十字星), Doji (十字星)",79.32,98.83,287.67,4.66,296.99,53.0,15246.0
2026-06-02,IWM,罗素2000指数ETF,Index ETF,16560279,Strong,Short,32.9%,XGB:0.46|LGB:0.48|LR:0.53|N:296|Base:0.27,Doji (十字星),99.49,106.01,291.66,4.65,300.96,53.0,15457.0
2026-06-01,IWM,罗素2000指数ETF,Index ETF,22465015,Strong,Short,28.2%,XGB:0.25|LGB:0.25|LR:0.51|N:295|Base:0.27,"Doji (十字星), Doji (十字星), Doji (十字星), Doji (十字星)",96.47,101.19,288.98,4.74,298.46,52.0,15026.0
2026-05-29,IWM,罗素2000指数ETF,Index ETF,26671903,Strong,Short,32.9%,XGB:0.51|LGB:0.42|LR:0.52|N:294|Base:0.28,"Doji (十字星), Doji (十字星), Doji (十字星)",106.28,104.89,290.43,4.77,299.97,52.0,15102.0
2026-05-27,IWM,罗素2000指数ETF,Index ETF,24193751,Strong,Short,39.0%,XGB:0.70|LGB:0.77|LR:0.55|N:292|Base:0.28,"Doji (十字星), Doji (十字星)",110.51,106.32,290.37,4.86,300.09,51.0,14808.0
2026-05-26,IWM,罗素2000指数ETF,Index ETF,24225765,Strong,Short,36.3%,XGB:0.62|LGB:0.56|LR:0.62|N:291|Base:0.28,Doji (十字星),106.92,108.38,290.51,5.05,300.61,49.0,14234.0
2026-05-22,IWM,罗素2000指数ETF,Index ETF,22304841,Strong,Short,31.6%,XGB:0.37|LGB:0.35|LR:0.63|N:290|Base:0.28,Doji (十字星),86.23,103.63,285.12,5.02,295.16,49.0,13970.0
2026-05-12,IWM,罗素2000指数ETF,Index ETF,26076705,Strong,Short,26.2%,XGB:0.19|LGB:0.22|LR:0.43|N:282|Base:0.27,"Doji (十字星), Bearish Engulfing (看跌吞没), Doji (十字星), Doji (十字星), Doji (十字星)",73.19,108.2,282.57,4.7,291.97,53.0,14976.0
2026-05-11,IWM,罗素2000指数ETF,Index ETF,20010054,Strong,Short,28.7%,XGB:0.30|LGB:0.34|LR:0.43|N:281|Base:0.27,"Doji (十字星), Bearish Engulfing (看跌吞没), Doji (十字星)",86.86,112.75,285.33,4.52,294.37,55.0,15693.0
2026-05-08,IWM,罗素2000指数ETF,Index ETF,22333066,Strong,Short,27.8%,XGB:0.20|LGB:0.34|LR:0.44|N:280|Base:0.27,"Doji (十字星), Bearish Engulfing (看跌吞没), Doji (十字星)",82.62,114.09,284.17,4.64,293.45,53.0,15061.0
2026-05-07,IWM,罗素2000指数ETF,Index ETF,27974440,Strong,Short,27.1%,XGB:0.26|LGB:0.23|LR:0.41|N:279|Base:0.27,"Doji (十字星), Bearish Engulfing (看跌吞没)",84.25,110.94,282.26,4.79,291.84,52.0,14677.0
2026-05-06,IWM,罗素2000指数ETF,Index ETF,23328230,Strong,Short,31.3%,XGB:0.38|LGB:0.47|LR:0.50|N:278|Base:0.27,Doji (十字星),103.56,119.29,286.8,4.67,296.14,53.0,15200.0
2026-04-24,IWM,罗素2000指数ETF,Index ETF,20786577,Strong,Short,32.7%,XGB:0.77|LGB:0.46|LR:0.24|N:294|Base:0.30,"Bearish Engulfing (看跌吞没), Doji (十字星), Doji (十字星), Doji (十字星)",72.68,105.91,276.65,4.95,286.55,50.0,13832.0
2026-04-23,IWM,罗素2000指数ETF,Index ETF,32549966,Strong,Short,26.6%,XGB:0.09|LGB:0.21|LR:0.20|N:293|Base:0.30,"Doji (十字星), Bearish Engulfing (看跌吞没), Doji (十字星), Doji (十字星)",75.74,103.69,275.52,5.03,285.58,49.0,13500.0
2026-04-22,IWM,罗素2000指数ETF,Index ETF,20105627,Strong,Short,32.2%,XGB:0.37|LGB:0.44|LR:0.22|N:292|Base:0.30,"Doji (十字星), Bearish Engulfing (看跌吞没), Doji (十字星)",80.41,105.58,276.48,4.96,286.4,50.0,13824.0
2026-04-21,IWM,罗素2000指数ETF,Index ETF,31124914,Strong,Short,33.0%,XGB:0.37|LGB:0.53|LR:0.18|N:291|Base:0.31,"Doji (十字星), Bearish Engulfing (看跌吞没)",83.15,101.69,274.51,5.08,284.67,49.0,13450.0
2026-04-20,IWM,罗素2000指数ETF,Index ETF,22839069,Strong + Div,Short,34.8%,XGB:0.84|LGB:0.84|LR:0.21|N:290|Base:0.31,Doji (十字星),101.27,111.45,277.35,5.0,287.35,50.0,13867.0
2026-04-17,IWM,罗素2000指数ETF,Index ETF,46335587,Strong + Div,Short,32.6%,XGB:0.46|LGB:0.65|LR:0.26|N:289|Base:0.31,Doji (十字星),100.15,91.15,275.78,5.15,286.08,48.0,13237.0
2026-04-16,IWM,罗素2000指数ETF,Index ETF,30631132,Strong + Div,Short,34.7%,XGB:0.70|LGB:0.77|LR:0.27|N:288|Base:0.31,Doji (十字星),105.51,94.0,269.95,4.95,279.85,50.0,13497.0
2026-04-15,IWM,罗素2000指数ETF,Index ETF,21590055,Strong + Div,Short,35.0%,XGB:0.70|LGB:0.81|LR:0.26|N:287|Base:0.31,"Doji (十字星), Doji (十字星)",106.97,94.49,269.39,5.15,279.69,48.0,12930.0
2026-04-14,IWM,罗素2000指数ETF,Index ETF,23637678,Strong + Div,Short,35.0%,XGB:0.66|LGB:0.73|LR:0.30|N:286|Base:0.31,Doji (十字星),107.02,93.17,268.72,5.4,279.52,46.0,12361.0
2026-01-22,IWM,罗素2000指数ETF,Index ETF,35110779,Strong + Div,Short,34.3%,XGB:0.51|LGB:0.36|LR:0.26|N:295|Base:0.32,Doji (十字星),86.81,103.16,269.79,3.73,277.25,67.0,18075.0
2026-01-20,IWM,罗素2000指数ETF,Index ETF,47911489,Strong,Short,28.4%,XGB:0.15|LGB:0.14|LR:0.29|N:293|Base:0.32,"Doji (十字星), Doji (十字星), Doji (十字星), Doji (十字星), Doji (十字星)",75.28,95.69,262.58,3.55,269.68,70.0,18380.0
2026-01-16,IWM,罗素2000指数ETF,Index ETF,33844875,Strong + Div,Short,37.5%,XGB:0.65|LGB:0.44|LR:0.38|N:292|Base:0.33,"Doji (十字星), Doji (十字星)",98.09,100.99,265.76,3.46,272.68,72.0,19134.0
2026-01-15,IWM,罗素2000指数ETF,Index ETF,33465208,Strong + Div,Short,39.3%,XGB:0.50|LGB:0.71|LR:0.45|N:291|Base:0.33,Doji (十字星),102.54,100.82,265.51,3.53,272.57,70.0,18585.0
2026-01-14,IWM,罗素2000指数ETF,Index ETF,37164298,Strong + Div,Short,39.5%,XGB:0.66|LGB:0.56|LR:0.46|N:290|Base:0.33,Doji (十字星),108.87,103.34,263.19,3.51,270.21,71.0,18686.0
2026-01-13,IWM,罗素2000指数ETF,Index ETF,33882364,Strong,Short,38.2%,XGB:0.58|LGB:0.51|LR:0.48|N:289|Base:0.33,"Doji (十字星), Doji (十字星)",107.82,100.43,261.35,3.52,268.39,71.0,18555.0
2026-01-12,IWM,罗素2000指数ETF,Index ETF,28423355,Strong,Short,39.3%,XGB:0.61|LGB:0.56|LR:0.49|N:288|Base:0.33,Doji (十字星),114.35,103.57,261.5,3.61,268.72,69.0,18043.0
2026-01-09,IWM,罗素2000指数ETF,Index ETF,36301546,Strong + Div,Short,37.9%,XGB:0.47|LGB:0.56|LR:0.51|N:287|Base:0.33,Doji (十字星),111.2,92.81,260.23,3.62,267.47,69.0,17955.0
2026-01-07,IWM,罗素2000指数ETF,Index ETF,33052026,Strong,Short,35.2%,XGB:0.18|LGB:0.22|LR:0.54|N:285|Base:0.33,Doji (十字星),104.27,88.75,255.48,3.56,262.6,70.0,17883.0
2026-06-22,QQQ,纳斯达克100指数ETF,Index ETF,41264194,Strong,Short,27.7%,XGB:0.08|LGB:0.05|LR:0.57|N:311|Base:0.24,"Doji (十字星), Doji (十字星)",97.88,89.81,737.95,15.45,768.85,16.0,11807.0
2026-06-18,QQQ,纳斯达克100指数ETF,Index ETF,49291407,Strong,Short,31.1%,XGB:0.24|LGB:0.21|LR:0.67|N:310|Base:0.24,Doji (十字星),94.03,89.63,740.62,15.79,772.2,15.0,11109.0
2026-06-04,QQQ,纳斯达克100指数ETF,Index ETF,36871759,Strong,Short,18.6%,XGB:0.03|LGB:0.10|LR:0.14|N:300|Base:0.23,"Doji (十字星), Doji (十字星), Doji (十字星), Doji (十字星), Doji (十字星)",82.41,105.72,740.61,9.97,760.55,25.0,18515.0
2026-06-03,QQQ,纳斯达克100指数ETF,Index ETF,37748173,Strong,Short,21.1%,XGB:0.18|LGB:0.16|LR:0.15|N:299|Base:0.23,"Doji (十字星), Doji (十字星), Doji (十字星)",97.23,107.36,744.21,9.85,763.91,25.0,18605.0
2026-06-02,QQQ,纳斯达克100指数ETF,Index ETF,28237099,Strong,Short,25.1%,XGB:0.25|LGB:0.45|LR:0.15|N:298|Base:0.23,Doji (十字星),104.12,109.25,746.16,10.02,766.2,24.0,17907.0
2026-06-01,QQQ,纳斯达克100指数ETF,Index ETF,31432122,Strong + Div,Short,18.9%,XGB:0.06|LGB:0.09|LR:0.13|N:297|Base:0.23,Doji (十字星),101.11,108.03,742.74,10.24,763.22,24.0,17825.0
2026-05-29,QQQ,纳斯达克100指数ETF,Index ETF,38798317,Strong + Div,Short,18.2%,XGB:0.02|LGB:0.05|LR:0.12|N:296|Base:0.23,Doji (十字星),101.55,110.2,738.31,10.28,758.87,24.0,17719.0
2026-05-27,QQQ,纳斯达克100指数ETF,Index ETF,33502484,Strong,Short,18.0%,XGB:0.02|LGB:0.03|LR:0.08|N:294|Base:0.23,"Doji (十字星), Doji (十字星)",95.94,109.89,729.45,10.62,750.69,23.0,16777.0
2026-05-26,QQQ,纳斯达克100指数ETF,Index ETF,33502605,Strong + Div,Short,18.1%,XGB:0.03|LGB:0.04|LR:0.08|N:293|Base:0.23,Doji (十字星),92.64,111.19,730.28,10.83,751.94,23.0,16796.0
2026-05-15,QQQ,纳斯达克100指数ETF,Index ETF,51344771,Strong,Short,20.0%,XGB:0.13|LGB:0.11|LR:0.04|N:287|Base:0.23,"Doji (十字星), Doji (十字星), Doji (十字星), Doji (十字星), Doji (十字星)",76.53,114.53,708.93,10.61,730.15,23.0,16305.0
2026-05-14,QQQ,纳斯达克100指数ETF,Index ETF,31339541,Strong + Div,Short,18.9%,XGB:0.06|LGB:0.07|LR:0.05|N:286|Base:0.23,Doji (十字星),95.48,119.61,719.79,10.33,740.45,24.0,17274.0
2026-05-13,QQQ,纳斯达克100指数ETF,Index ETF,37316154,Strong + Div,Short,19.4%,XGB:0.09|LGB:0.07|LR:0.07|N:285|Base:0.24,Doji (十字星),94.1,119.72,714.71,10.52,735.75,23.0,16438.0
2026-05-12,QQQ,纳斯达克100指数ETF,Index ETF,43812655,Strong,Short,20.1%,XGB:0.12|LGB:0.11|LR:0.07|N:284|Base:0.24,"Doji (十字星), Doji (十字星)",91.16,117.06,707.24,10.42,728.08,23.0,16266.0
2026-05-11,QQQ,纳斯达克100指数ETF,Index ETF,35673639,Strong + Div,Short,21.2%,XGB:0.19|LGB:0.13|LR:0.07|N:283|Base:0.24,Doji (十字星),99.0,120.02,713.29,9.95,733.19,25.0,17832.0
2026-05-07,QQQ,纳斯达克100指数ETF,Index ETF,41966597,Strong,Short,20.4%,XGB:0.09|LGB:0.13|LR:0.08|N:281|Base:0.24,Doji (十字星),91.4,119.88,694.94,9.81,714.56,25.0,17373.0
2026-05-05,QQQ,纳斯达克100指数ETF,Index ETF,35231201,Strong + Div,Short,19.7%,XGB:0.07|LGB:0.06|LR:0.10|N:279|Base:0.24,Doji (十字星),94.6,122.53,681.61,9.5,700.61,26.0,17721.0
2026-05-04,QQQ,纳斯达克100指数ETF,Index ETF,33803237,Strong,Short,24.6%,XGB:0.22|LGB:0.27|LR:0.04|N:302|Base:0.26,"Doji (十字星), Doji (十字星)",89.4,120.77,672.88,9.46,691.8,26.0,17494.0
2026-05-01,QQQ,纳斯达克100指数ETF,Index ETF,38824943,Strong + Div,Short,21.0%,XGB:0.07|LGB:0.09|LR:0.04|N:301|Base:0.26,Doji (十字星),93.38,123.26,674.15,9.59,693.33,26.0,17527.0
2026-04-30,QQQ,纳斯达克100指数ETF,Index ETF,39172007,Strong + Div,Short,22.4%,XGB:0.07|LGB:0.20|LR:0.04|N:300|Base:0.26,Doji (十字星),90.5,123.74,667.74,9.69,687.12,25.0,16693.0
2026-04-29,QQQ,纳斯达克100指数ETF,Index ETF,27393020,Strong,Short,21.3%,XGB:0.11|LGB:0.05|LR:0.05|N:299|Base:0.26,"Doji (十字星), Doji (十字星)",82.66,122.33,661.57,9.58,680.73,26.0,17200.0
2026-04-28,QQQ,纳斯达克100指数ETF,Index ETF,33787266,Strong,Short,21.0%,XGB:0.07|LGB:0.07|LR:0.05|N:298|Base:0.27,"Doji (十字星), Doji (十字星)",82.47,119.46,657.55,9.92,677.39,25.0,16438.0
2026-04-27,QQQ,纳斯达克100指数ETF,Index ETF,31899468,Strong + Div,Short,23.3%,XGB:0.22|LGB:0.12|LR:0.03|N:297|Base:0.27,Doji (十字星),99.04,124.23,664.23,9.88,683.99,25.0,16605.0
2026-04-23,QQQ,纳斯达克100指数ETF,Index ETF,39178683,Strong,Short,21.9%,XGB:0.11|LGB:0.07|LR:0.05|N:295|Base:0.27,"Doji (十字星), Doji (十字星)",91.19,115.97,651.42,10.15,671.72,24.0,15634.0
2026-04-22,QQQ,纳斯达克100指数ETF,Index ETF,35846855,Strong + Div,Short,25.9%,XGB:0.27|LGB:0.27|LR:0.07|N:294|Base:0.27,Doji (十字星),96.8,120.02,655.11,10.05,675.21,24.0,15722.0
2026-04-21,QQQ,纳斯达克100指数ETF,Index ETF,36460171,Strong,Short,21.4%,XGB:0.04|LGB:0.07|LR:0.10|N:293|Base:0.27,"Doji (十字星), Doji (十字星), Doji (十字星)",91.21,115.36,644.33,9.98,664.29,25.0,16108.0
2026-04-20,QQQ,纳斯达克100指数ETF,Index ETF,36858900,Strong,Short,21.7%,XGB:0.04|LGB:0.07|LR:0.12|N:292|Base:0.27,"Doji (十字星), Doji (十字星)",98.69,117.54,646.79,10.13,667.05,24.0,15522.0
2026-04-17,QQQ,纳斯达克100指数ETF,Index ETF,53221762,Strong + Div,Short,23.7%,XGB:0.14|LGB:0.13|LR:0.17|N:291|Base:0.27,Doji (十字星),104.12,105.11,648.85,10.42,669.69,23.0,14923.0
2026-04-16,QQQ,纳斯达克100指数ETF,Index ETF,41864338,Strong + Div,Short,25.6%,XGB:0.17|LGB:0.22|LR:0.28|N:290|Base:0.27,Doji (十字星),105.98,104.52,640.47,10.49,661.45,23.0,14730.0
2026-01-29,QQQ,纳斯达克100指数ETF,Index ETF,79944047,Strong,Short,28.7%,XGB:0.13|LGB:0.12|LR:0.63|N:300|Base:0.23,"Doji (十字星), Doji (十字星), Doji (十字星)",92.17,85.76,629.43,8.35,646.13,29.0,18253.0
2026-01-28,QQQ,纳斯达克100指数ETF,Index ETF,50691691,Strong,Short,30.6%,XGB:0.25|LGB:0.25|LR:0.66|N:299|Base:0.23,Doji (十字星),102.34,93.88,633.22,7.81,648.84,32.0,20263.0
2026-01-27,QQQ,纳斯达克100指数ETF,Index ETF,38997212,Strong,Short,29.7%,XGB:0.26|LGB:0.57|LR:0.66|N:298|Base:0.23,Doji (十字星),99.34,98.88,631.13,7.99,647.11,31.0,19565.0
2026-06-23,SOXL,半导体3倍做多ETF,Index ETF,66955310,Strong,Short,29.1%,XGB:0.29|LGB:0.20|LR:0.32|N:310|Base:0.30,"Doji (十字星), Shooting Star (射击之星)",68.84,71.0,231.42,38.11,307.64,6.0,1388.0
2026-06-22,SOXL,半导体3倍做多ETF,Index ETF,35468358,Strong,Short,32.0%,XGB:0.35|LGB:0.39|LR:0.35|N:309|Base:0.30,Doji (十字星),107.1,98.24,300.77,35.06,370.89,7.0,2105.0
2026-06-04,SOXL,半导体3倍做多ETF,Index ETF,57927507,Strong,Short,29.2%,XGB:0.16|LGB:0.29|LR:0.39|N:298|Base:0.31,Doji (十字星),89.16,97.17,262.7,24.69,312.08,10.0,2627.0
2026-06-03,SOXL,半导体3倍做多ETF,Index ETF,45514604,Strong,Short,29.5%,XGB:0.26|LGB:0.30|LR:0.25|N:297|Base:0.30,Doji (十字星),102.88,103.14,280.54,22.59,325.72,11.0,3085.0
2026-06-01,SOXL,半导体3倍做多ETF,Index ETF,36693578,Strong + Div,Short,30.9%,XGB:0.49|LGB:0.52|LR:0.19|N:295|Base:0.31,Dark Cloud Cover (乌云盖顶),89.59,98.12,227.03,20.85,268.73,11.0,2497.0
2026-05-29,SOXL,半导体3倍做多ETF,Index ETF,36684245,Strong,Short,31.7%,XGB:0.54|LGB:0.60|LR:0.20|N:294|Base:0.31,Dark Cloud Cover (乌云盖顶),88.58,100.54,224.34,20.62,265.58,12.0,2692.0
2026-05-28,SOXL,半导体3倍做多ETF,Index ETF,46251182,Strong,Short,32.8%,XGB:0.40|LGB:0.41|LR:0.30|N:293|Base:0.31,Dark Cloud Cover (乌云盖顶),89.28,100.65,224.63,20.63,265.89,12.0,2695.0
2026-05-27,SOXL,半导体3倍做多ETF,Index ETF,71738272,Strong,Short,33.4%,XGB:0.32|LGB:0.54|LR:0.31|N:292|Base:0.31,Dark Cloud Cover (乌云盖顶),88.88,98.1,217.98,20.34,258.66,12.0,2615.0
2026-05-15,SOXL,半导体3倍做多ETF,Index ETF,61149104,Strong,Short,28.7%,XGB:0.15|LGB:0.17|LR:0.42|N:286|Base:0.31,"Doji (十字星), Shooting Star (射击之星)",61.41,102.62,164.18,14.8,193.78,16.0,2626.0
2026-05-14,SOXL,半导体3倍做多ETF,Index ETF,42299438,Strong,Short,34.1%,XGB:0.57|LGB:0.68|LR:0.29|N:285|Base:0.31,Doji (十字星),90.41,113.9,186.19,14.02,214.23,17.0,3165.0
2026-05-13,SOXL,半导体3倍做多ETF,Index ETF,57075304,Strong,Short,36.5%,XGB:0.51|LGB:0.56|LR:0.44|N:284|Base:0.31,Doji (十字星),86.54,112.9,184.24,14.23,212.7,17.0,3132.0
2026-04-30,SOXL,半导体3倍做多ETF,Index ETF,56921636,Strong,Short,29.8%,XGB:0.19|LGB:0.23|LR:0.38|N:299|Base:0.32,Bearish Engulfing (看跌吞没),76.66,115.75,126.98,8.45,143.88,29.0,3682.0
2026-04-28,SOXL,半导体3倍做多ETF,Index ETF,92861154,Strong,Short,35.8%,XGB:0.15|LGB:0.16|LR:0.66|N:297|Base:0.32,"Bearish Engulfing (看跌吞没), Doji (十字星)",61.37,100.79,109.56,8.3,126.16,30.0,3286.0
2026-04-27,SOXL,半导体3倍做多ETF,Index ETF,72601374,Strong,Short,32.7%,XGB:0.32|LGB:0.33|LR:0.46|N:296|Base:0.32,Bearish Engulfing (看跌吞没),88.28,112.66,123.39,7.45,138.29,33.0,4071.0
2026-04-21,SOXL,半导体3倍做多ETF,Index ETF,61717017,Strong + Div,Short,37.7%,XGB:0.44|LGB:0.64|LR:0.54|N:292|Base:0.32,Doji (十字星),97.93,112.26,98.09,5.8,109.69,43.0,4217.0
2026-04-20,SOXL,半导体3倍做多ETF,Index ETF,47258615,Strong + Div,Short,39.7%,XGB:0.52|LGB:0.69|LR:0.62|N:291|Base:0.32,Doji (十字星),102.1,113.33,95.94,5.89,107.72,42.0,4029.0
2026-04-15,SOXL,半导体3倍做多ETF,Index ETF,67435854,Strong + Div,Short,45.9%,XGB:0.86|LGB:0.79|LR:0.89|N:288|Base:0.32,Hanging Man (吊颈线),109.69,100.88,85.96,5.93,97.82,42.0,3610.0
2026-02-26,SOXL,半导体3倍做多ETF,Index ETF,97787941,Strong,Short,38.8%,XGB:0.56|LGB:0.53|LR:0.55|N:319|Base:0.33,Doji (十字星),62.26,78.93,65.34,5.66,76.66,44.0,2874.0
2026-02-20,SOXL,半导体3倍做多ETF,Index ETF,81017925,Strong,Short,36.1%,XGB:0.45|LGB:0.48|LR:0.43|N:315|Base:0.32,Shooting Star (射击之星),70.21,82.16,67.11,5.63,78.37,44.0,2952.0
2026-02-19,SOXL,半导体3倍做多ETF,Index ETF,68827490,Strong,Short,36.9%,XGB:0.51|LGB:0.49|LR:0.42|N:314|Base:0.32,"Bearish Engulfing (看跌吞没), Hanging Man (吊颈线), Shooting Star (射击之星)",72.11,77.28,65.23,5.7,76.63,43.0,2804.0
2026-02-18,SOXL,半导体3倍做多ETF,Index ETF,69348988,Strong,Short,30.2%,XGB:0.19|LGB:0.23|LR:0.40|N:313|Base:0.32,"Hanging Man (吊颈线), Bearish Engulfing (看跌吞没), Shooting Star (射击之星)",82.25,80.03,66.29,5.89,78.07,42.0,2784.0
2026-02-17,SOXL,半导体3倍做多ETF,Index ETF,79420360,Strong,Short,30.9%,XGB:0.27|LGB:0.22|LR:0.38|N:312|Base:0.32,"Hanging Man (吊颈线), Bearish Engulfing (看跌吞没), Hanging Man (吊颈线)",77.52,75.0,64.35,6.0,76.35,41.0,2638.0
2026-02-13,SOXL,半导体3倍做多ETF,Index ETF,79931289,Strong,Short,31.2%,XGB:0.12|LGB:0.13|LR:0.44|HMM:1,"Hanging Man (吊颈线), Bearish Engulfing (看跌吞没)",79.49,77.78,64.59,6.5,77.59,38.0,2454.0
2026-02-12,SOXL,半导体3倍做多ETF,Index ETF,90896096,Strong,Short,36.6%,XGB:0.54|LGB:0.46|LR:0.37|N:310|Base:0.33,"Hanging Man (吊颈线), Bearish Engulfing (看跌吞没)",79.82,74.59,63.1,6.06,75.22,41.0,2587.0
2026-02-11,SOXL,半导体3倍做多ETF,Index ETF,89724221,Strong,Short,34.5%,XGB:0.37|LGB:0.43|LR:0.36|N:309|Base:0.33,Hanging Man (吊颈线),88.7,85.2,68.05,5.9,79.85,42.0,2858.0
2026-01-29,SOXL,半导体3倍做多ETF,Index ETF,78058215,Strong,Short,44.2%,XGB:0.78|LGB:0.74|LR:0.66|N:300|Base:0.33,Doji (十字星),92.33,102.07,70.47,4.42,79.31,56.0,3946.0
2026-01-23,SOXL,半导体3倍做多ETF,Index ETF,58613555,Strong,Short,37.8%,XGB:0.16|LGB:0.19|LR:0.73|N:296|Base:0.33,Doji (十字星),67.11,98.04,61.6,3.89,69.38,64.0,3942.0
2026-01-20,SOXL,半导体3倍做多ETF,Index ETF,71408349,Strong,Short,38.4%,XGB:0.23|LGB:0.34|LR:0.69|N:293|Base:0.33,"Doji (十字星), Shooting Star (射击之星)",73.64,99.03,57.94,3.67,65.28,68.0,3939.0
2026-01-16,SOXL,半导体3倍做多ETF,Index ETF,58559515,Strong + Div,Short,37.7%,XGB:0.38|LGB:0.56|LR:0.67|N:292|Base:0.33,Doji (十字星),85.38,105.23,60.75,3.65,68.05,68.0,4131.0
2026-01-14,SOXL,半导体3倍做多ETF,Index ETF,70434851,Strong,Short,44.3%,XGB:0.78|LGB:0.75|LR:0.70|N:290|Base:0.33,"Doji (十字星), Hanging Man (吊颈线)",88.47,102.58,55.38,3.41,62.2,73.0,4042.0
2026-01-13,SOXL,半导体3倍做多ETF,Index ETF,61895357,Strong + Div,Short,38.8%,XGB:0.50|LGB:0.51|LR:0.72|N:289|Base:0.33,Doji (十字星),95.66,104.39,56.07,3.44,62.95,72.0,4037.0
2026-01-08,SOXL,半导体3倍做多ETF,Index ETF,79844752,Strong,Short,43.3%,XGB:0.70|LGB:0.72|LR:0.73|N:286|Base:0.33,Doji (十字星),73.35,88.09,49.65,3.41,56.47,73.0,3624.0
2026-01-07,SOXL,半导体3倍做多ETF,Index ETF,65698487,Strong,Short,44.8%,XGB:0.81|LGB:0.81|LR:0.66|N:285|Base:0.33,Doji (十字星),93.72,95.94,52.29,3.35,58.99,74.0,3869.0
2026-06-16,SPY,标普500指数ETF,Index ETF,61314537,Strong,Short,18.5%,XGB:0.14|LGB:0.22|LR:0.41|N:308|Base:0.17,"Doji (十字星), Doji (十字星)",84.95,82.1,750.33,9.64,769.61,25.0,18758.0
2026-06-02,SPY,标普500指数ETF,Index ETF,26951269,Strong + Div,Short,11.6%,XGB:0.01|LGB:0.03|LR:0.08|N:298|Base:0.15,"Doji (十字星), Doji (十字星)",104.34,109.28,759.57,6.55,772.67,38.0,28863.0
2026-06-01,SPY,标普500指数ETF,Index ETF,38439176,Strong + Div,Short,11.7%,XGB:0.02|LGB:0.02|LR:0.09|N:297|Base:0.15,Doji (十字星),103.63,108.62,758.54,6.78,772.1,36.0,27307.0
2026-05-29,SPY,标普500指数ETF,Index ETF,54354194,Strong,Short,11.8%,XGB:0.02|LGB:0.03|LR:0.08|N:296|Base:0.15,Doji (十字星),104.82,110.55,756.48,6.87,770.22,36.0,27233.0
2026-05-14,SPY,标普500指数ETF,Index ETF,44783639,Strong + Div,Short,13.1%,XGB:0.04|LGB:0.07|LR:0.12|N:286|Base:0.15,Doji (十字星),97.71,118.74,748.17,7.51,763.19,33.0,24689.0
2026-05-13,SPY,标普500指数ETF,Index ETF,37500556,Strong + Div,Short,13.1%,XGB:0.03|LGB:0.07|LR:0.12|N:285|Base:0.15,Doji (十字星),96.44,118.54,742.31,7.53,757.37,33.0,24496.0
2026-05-12,SPY,标普500指数ETF,Index ETF,52768657,Strong,Short,13.3%,XGB:0.07|LGB:0.05|LR:0.12|N:284|Base:0.15,"Doji (十字星), Doji (十字星)",95.82,117.83,738.18,7.46,753.1,33.0,24359.0
2026-05-11,SPY,标普500指数ETF,Index ETF,42681326,Strong,Short,15.0%,XGB:0.11|LGB:0.16|LR:0.13|N:283|Base:0.16,Doji (十字星),98.56,118.61,739.3,7.46,754.22,33.0,24396.0
2026-05-08,SPY,标普500指数ETF,Index ETF,46071534,Strong + Div,Short,15.1%,XGB:0.15|LGB:0.11|LR:0.16|N:282|Base:0.16,Doji (十字星),96.96,120.55,737.62,7.71,753.04,32.0,23603.0
2026-05-07,SPY,标普500指数ETF,Index ETF,44907923,Strong,Short,13.5%,XGB:0.04|LGB:0.07|LR:0.16|N:281|Base:0.16,"Doji (十字星), Doji (十字星)",88.57,117.56,731.58,7.8,747.18,32.0,23410.0
2026-05-06,SPY,标普500指数ETF,Index ETF,53273396,Strong + Div,Short,13.8%,XGB:0.03|LGB:0.07|LR:0.20|N:280|Base:0.16,Doji (十字星),94.49,120.32,733.83,7.91,749.65,31.0,22748.0
2026-04-27,SPY,标普500指数ETF,Index ETF,32767851,Strong + Div,Short,17.8%,XGB:0.17|LGB:0.16|LR:0.06|N:297|Base:0.19,Doji (十字星),98.04,121.15,715.17,8.27,731.71,30.0,21455.0
2026-04-24,SPY,标普500指数ETF,Index ETF,44463821,Strong + Div,Short,17.2%,XGB:0.12|LGB:0.13|LR:0.07|N:296|Base:0.19,Doji (十字星),95.0,114.01,713.94,8.65,731.24,28.0,19990.0
2026-04-23,SPY,标普500指数ETF,Index ETF,52293495,Strong,Short,15.1%,XGB:0.03|LGB:0.03|LR:0.07|N:295|Base:0.19,"Doji (十字星), Doji (十字星), Doji (十字星), Doji (十字星)",88.77,110.82,708.45,8.85,726.15,28.0,19836.0
2026-04-22,SPY,标普500指数ETF,Index ETF,41070592,Strong + Div,Short,16.1%,XGB:0.06|LGB:0.06|LR:0.11|N:294|Base:0.19,"Doji (十字星), Doji (十字星)",90.57,113.4,711.21,8.76,728.73,28.0,19913.0
2026-04-21,SPY,标普500指数ETF,Index ETF,58281256,Strong,Short,15.2%,XGB:0.02|LGB:0.01|LR:0.12|N:293|Base:0.19,"Doji (十字星), Doji (十字星)",82.66,106.73,704.08,8.87,721.82,28.0,19714.0
2026-04-20,SPY,标普500指数ETF,Index ETF,41604668,Strong,Short,16.6%,XGB:0.06|LGB:0.05|LR:0.20|N:292|Base:0.20,"Doji (十字星), Doji (十字星)",95.73,111.07,708.72,8.89,726.5,28.0,19844.0
2026-04-17,SPY,标普500指数ETF,Index ETF,70159638,Strong + Div,Short,17.3%,XGB:0.05|LGB:0.06|LR:0.33|N:291|Base:0.20,Doji (十字星),102.01,94.49,710.14,9.26,728.66,26.0,18463.0
2026-04-16,SPY,标普500指数ETF,Index ETF,43439751,Strong + Div,Short,19.5%,XGB:0.09|LGB:0.20|LR:0.36|N:290|Base:0.20,Doji (十字星),105.45,95.4,701.66,9.15,719.96,27.0,18944.0
2026-04-15,SPY,标普500指数ETF,Index ETF,57435208,Strong + Div,Short,25.3%,XGB:0.40|LGB:0.39|LR:0.45|N:289|Base:0.20,Doji (十字星),108.68,96.21,699.94,9.53,719.0,26.0,18198.0
2026-07-30,AAPL,苹果,Stock,55501839,Strong,Short,27.2%,XGB:0.23|LGB:0.22|LR:0.31|N:338|Base:0.28,"Doji (十字星), Doji (十字星), Doji (十字星), Doji (十字星)",62.32,95.51,333.43,8.06,349.55,31.0,10336.0
2026-07-29,AAPL,苹果,Stock,48852885,Strong,Short,25.8%,XGB:0.18|LGB:0.15|LR:0.34|N:337|Base:0.28,"Doji (十字星), Doji (十字星), Doji (十字星)",81.07,100.74,338.19,8.01,354.21,31.0,10483.0
2026-07-28,AAPL,苹果,Stock,50765695,Strong + Div,Short,32.1%,XGB:0.26|LGB:0.56|LR:0.42|N:336|Base:0.28,Doji (十字星),88.66,104.59,340.08,8.08,356.24,30.0,10202.0
2026-07-27,AAPL,苹果,Stock,45246885,Strong + Div,Short,27.9%,XGB:0.23|LGB:0.25|LR:0.39|N:335|Base:0.28,Doji (十字星),82.19,104.6,336.91,8.14,353.19,30.0,10107.0
2026-07-21,AAPL,苹果,Stock,40800631,Strong,Short,28.8%,XGB:0.12|LGB:0.36|LR:0.49|N:331|Base:0.29,Doji (十字星),71.82,96.93,327.74,8.2,344.14,30.0,9832.0
2026-07-20,AAPL,苹果,Stock,51014085,Strong,Short,28.5%,XGB:0.14|LGB:0.36|LR:0.42|N:330|Base:0.28,Doji (十字星),79.15,95.47,326.59,8.26,343.11,30.0,9797.0
2026-07-17,AAPL,苹果,Stock,63325386,Strong + Div,Short,27.1%,XGB:0.22|LGB:0.17|LR:0.42|N:329|Base:0.28,Doji (十字星),98.68,98.28,333.74,8.13,350.0,30.0,10012.0
2026-07-14,AAPL,苹果,Stock,36202131,Strong,Short,31.3%,XGB:0.29|LGB:0.43|LR:0.47|N:326|Base:0.29,"Doji (十字星), Doji (十字星), Doji (十字星)",84.86,86.41,314.86,7.9,330.66,31.0,9760.0
2026-07-13,AAPL,苹果,Stock,41376714,Strong + Div,Short,31.0%,XGB:0.33|LGB:0.33|LR:0.51|N:325|Base:0.29,Doji (十字星),99.67,90.25,317.31,8.09,333.49,30.0,9519.0
2026-07-10,AAPL,苹果,Stock,32466135,Strong,Short,32.1%,XGB:0.34|LGB:0.41|LR:0.54|N:324|Base:0.29,Doji (十字星),110.72,84.1,315.32,8.09,331.5,30.0,9459.0
2026-07-08,AAPL,苹果,Stock,38466049,Strong + Div,Short,38.4%,XGB:0.71|LGB:0.58|LR:0.52|N:322|Base:0.29,Doji (十字星),112.11,80.66,313.39,8.34,330.07,29.0,9088.0
2026-06-03,AAPL,苹果,Stock,50459550,Strong,Short,25.8%,XGB:0.08|LGB:0.16|LR:0.33|N:299|Base:0.29,"Doji (十字星), Doji (十字星)",64.89,104.67,310.26,6.06,322.38,41.0,12720.0
2026-05-29,AAPL,苹果,Stock,56454230,Strong,Short,40.2%,XGB:0.60|LGB:0.86|LR:0.50|N:296|Base:0.30,"Doji (十字星), Doji (十字星), Doji (十字星)",88.75,111.42,312.06,5.55,323.16,45.0,14042.0
2026-05-28,AAPL,苹果,Stock,44630908,Strong + Div,Short,42.3%,XGB:0.72|LGB:0.91|LR:0.55|N:295|Base:0.30,"Doji (十字星), Doji (十字星)",93.14,113.85,312.51,5.56,323.63,44.0,13750.0
2026-05-27,AAPL,苹果,Stock,50328044,Strong + Div,Short,36.4%,XGB:0.44|LGB:0.64|LR:0.54|N:294|Base:0.30,"Doji (十字星), Doji (十字星)",85.25,111.94,310.85,5.74,322.33,43.0,13366.0
2026-05-26,AAPL,苹果,Stock,46602561,Strong,Short,31.3%,XGB:0.18|LGB:0.41|LR:0.56|N:293|Base:0.30,Doji (十字星),83.73,110.61,308.33,5.8,319.93,43.0,13258.0
2026-05-19,AAPL,苹果,Stock,34842416,Strong,Short,34.3%,XGB:0.30|LGB:0.53|LR:0.59|N:289|Base:0.30,"Doji (十字星), Doji (十字星), Doji (十字星)",74.92,111.01,298.97,6.05,311.07,41.0,12257.0
2026-05-18,AAPL,苹果,Stock,34313641,Strong,Short,34.9%,XGB:0.53|LGB:0.38|LR:0.54|N:288|Base:0.31,"Doji (十字星), Doji (十字星)",80.96,109.49,297.84,6.19,310.22,40.0,11913.0
2026-05-15,AAPL,苹果,Stock,54675423,Strong + Div,Short,40.9%,XGB:0.70|LGB:0.75|LR:0.57|N:287|Base:0.31,Doji (十字星),93.13,113.79,300.23,6.23,312.69,40.0,12009.0
2026-05-14,AAPL,苹果,Stock,33673067,Strong,Short,33.7%,XGB:0.26|LGB:0.22|LR:0.54|N:286|Base:0.31,Doji (十字星),96.53,113.99,298.21,6.19,310.59,40.0,11928.0
2026-05-12,AAPL,苹果,Stock,43943518,Strong,Short,34.1%,XGB:0.27|LGB:0.22|LR:0.55|N:284|Base:0.31,Doji (十字星),104.96,117.06,294.8,6.2,307.2,40.0,11792.0
2026-05-11,AAPL,苹果,Stock,39366022,Strong,Short,33.5%,XGB:0.41|LGB:0.37|LR:0.47|N:283|Base:0.31,Doji (十字星),101.05,114.51,292.68,6.48,305.64,38.0,11121.0
2026-05-07,AAPL,苹果,Stock,40410371,Strong,Short,32.5%,XGB:0.27|LGB:0.43|LR:0.40|N:281|Base:0.31,Doji (十字星),92.91,105.94,287.44,6.64,300.72,37.0,10635.0
2026-04-24,AAPL,苹果,Stock,38033227,Strong,Short,36.1%,XGB:0.26|LGB:0.22|LR:0.61|N:296|Base:0.32,"Doji (十字星), Doji (十字星)",78.26,90.9,271.06,5.88,282.82,42.0,11384.0
2026-04-23,AAPL,苹果,Stock,33138070,Strong + Div,Short,34.7%,XGB:0.08|LGB:0.22|LR:0.58|N:295|Base:0.33,Doji (十字星),86.85,96.92,273.43,6.04,285.51,41.0,11210.0
2026-02-11,AAPL,苹果,Stock,51931283,Strong,Short,28.8%,XGB:0.22|LGB:0.16|LR:0.47|N:309|Base:0.30,"Doji (十字星), Doji (十字星), Doji (十字星)",79.47,90.1,275.5,5.83,287.16,42.0,11571.0
2026-02-10,AAPL,苹果,Stock,34376898,Strong,Short,28.8%,XGB:0.21|LGB:0.16|LR:0.48|N:308|Base:0.31,"Doji (十字星), Doji (十字星)",78.87,86.33,273.68,5.77,285.22,43.0,11768.0
2026-02-09,AAPL,苹果,Stock,44623396,Strong,Short,33.0%,XGB:0.28|LGB:0.46|LR:0.47|N:307|Base:0.31,"Doji (十字星), Doji (十字星)",87.62,88.28,274.62,6.03,286.68,41.0,11259.0
2026-02-06,AAPL,苹果,Stock,50453414,Strong + Div,Short,21.6%,XGB:0.21|LGB:0.14|LR:0.38|HMM:1,Shooting Star (射击之星),99.21,67.04,278.12,6.51,291.14,38.0,10568.0
2026-02-03,AAPL,苹果,Stock,64394655,Strong,Short,21.6%,XGB:0.21|LGB:0.14|LR:0.38|HMM:1,Doji (十字星),110.09,50.22,269.48,6.41,282.3,39.0,10509.0
2026-06-24,AMD,超威半导体,Stock,23779691,Strong,Short,37.8%,XGB:0.47|LGB:0.54|LR:0.53|N:313|Base:0.33,Doji (十字星),66.41,86.99,519.74,32.54,584.82,7.0,3638.0
2026-06-04,AMD,超威半导体,Stock,28296824,Strong,Short,34.2%,XGB:0.39|LGB:0.37|LR:0.43|N:300|Base:0.32,Hanging Man (吊颈线),82.73,102.51,523.2,27.1,577.4,9.0,4708.0
2026-06-02,AMD,超威半导体,Stock,22885826,Strong + Div,Short,38.3%,XGB:0.76|LGB:0.77|LR:0.40|N:298|Base:0.32,Hanging Man (吊颈线),98.44,106.56,521.54,25.98,573.5,9.0,4693.0
2026-06-01,AMD,超威半导体,Stock,33164674,Strong,Short,41.3%,XGB:0.64|LGB:0.76|LR:0.47|N:297|Base:0.32,Hanging Man (吊颈线),95.88,103.71,510.13,26.35,562.83,9.0,4591.0
2026-05-29,AMD,超威半导体,Stock,21772067,Strong,Short,35.8%,XGB:0.53|LGB:0.50|LR:0.28|N:296|Base:0.32,Hanging Man (吊颈线),100.49,106.66,516.1,26.01,568.12,9.0,4644.0
2026-05-22,AMD,超威半导体,Stock,34611133,Strong + Div,Short,33.8%,XGB:0.43|LGB:0.33|LR:0.43|N:292|Base:0.32,Doji (十字星),78.1,107.03,467.51,25.21,517.93,9.0,4207.0
2026-05-15,AMD,超威半导体,Stock,28719824,Strong,Short,32.9%,XGB:0.19|LGB:0.48|LR:0.43|N:287|Base:0.32,"Doji (十字星), Doji (十字星)",66.8,107.5,424.1,23.11,470.32,10.0,4241.0
2026-05-14,AMD,超威半导体,Stock,26027177,Strong,Short,32.4%,XGB:0.24|LGB:0.41|LR:0.40|N:286|Base:0.32,"Doji (十字星), Doji (十字星)",83.27,114.7,449.7,22.87,495.44,10.0,4497.0
2026-05-13,AMD,超威半导体,Stock,29021704,Strong,Short,39.0%,XGB:0.62|LGB:0.64|LR:0.42|N:285|Base:0.32,"Doji (十字星), Doji (十字星)",83.46,113.52,445.5,23.27,492.04,10.0,4455.0
2026-05-12,AMD,超威半导体,Stock,38174077,Strong,Short,34.8%,XGB:0.38|LGB:0.41|LR:0.54|N:284|Base:0.32,"Doji (十字星), Doji (十字星)",89.1,114.31,448.29,22.99,494.27,10.0,4482.0
2026-05-11,AMD,超威半导体,Stock,45036766,Strong + Div,Short,36.1%,XGB:0.54|LGB:0.43|LR:0.47|N:283|Base:0.32,Doji (十字星),95.69,117.26,458.79,22.25,503.29,11.0,5046.0
2026-04-20,AMD,超威半导体,Stock,34150976,Strong,Short,32.0%,XGB:0.29|LGB:0.29|LR:0.41|N:292|Base:0.32,Doji (十字星),87.49,112.88,274.95,10.5,295.95,23.0,6323.0
2026-04-17,AMD,超威半导体,Stock,35414017,Strong + Div,Short,32.5%,XGB:0.27|LGB:0.32|LR:0.47|N:291|Base:0.32,Doji (十字星),103.51,110.76,278.39,10.12,298.63,24.0,6681.0
2026-04-13,AMD,超威半导体,Stock,21577252,Strong + Div,Short,37.9%,XGB:0.46|LGB:0.59|LR:0.52|N:287|Base:0.33,Doji (十字星),105.94,108.68,246.83,9.87,266.57,25.0,6170.0
2026-04-08,AMD,超威半导体,Stock,34355712,Strong,Short,34.0%,XGB:0.50|LGB:0.20|LR:0.44|N:284|Base:0.33,Doji (十字星),104.77,85.76,231.82,10.31,252.44,24.0,5563.0
2026-01-29,AMD,超威半导体,Stock,31685168,Strong,Short,37.6%,XGB:0.52|LGB:0.42|LR:0.47|N:300|Base:0.34,"Doji (十字星), Doji (十字星), Hanging Man (吊颈线)",63.16,90.94,252.18,10.75,273.68,23.0,5800.0
2026-01-28,AMD,超威半导体,Stock,27061187,Strong,Short,31.7%,XGB:0.24|LGB:0.16|LR:0.48|N:299|Base:0.34,"Doji (十字星), Doji (十字星), Doji (十字星)",68.56,91.56,252.74,10.06,272.86,24.0,6065.0
2026-01-27,AMD,超威半导体,Stock,25691598,Strong,Short,37.3%,XGB:0.42|LGB:0.46|LR:0.51|N:298|Base:0.34,"Doji (十字星), Doji (十字星)",77.66,90.77,252.03,10.28,272.59,24.0,6048.0
2026-01-26,AMD,超威半导体,Stock,30672461,Strong,Short,34.9%,XGB:0.30|LGB:0.34|LR:0.53|N:297|Base:0.34,"Doji (十字星), Doji (十字星)",87.01,89.96,251.31,10.49,272.29,23.0,5780.0
2026-01-23,AMD,超威半导体,Stock,47525928,Strong + Div,Short,33.6%,XGB:0.28|LGB:0.29|LR:0.47|N:296|Base:0.34,Doji (十字星),106.06,83.35,259.68,10.58,280.84,23.0,5972.0
2026-01-22,AMD,超威半导体,Stock,37945005,Strong,Short,40.4%,XGB:0.58|LGB:0.62|LR:0.46|N:295|Base:0.34,Doji (十字星),110.98,88.18,253.73,10.37,274.47,24.0,6089.0
2026-01-20,AMD,超威半导体,Stock,44327712,Strong,Short,22.2%,XGB:0.04|LGB:0.05|LR:0.34|HMM:1,Doji (十字星),96.55,78.1,231.92,10.0,251.92,25.0,5798.0
2026-08-05,AMZN,亚马逊,Stock,42366662,Strong,Short,40.2%,XGB:0.66|LGB:0.34|LR:0.66|N:342|Base:0.35,Doji (十字星),101.2,84.23,272.65,9.95,292.55,25.0,6816.0
2026-08-04,AMZN,亚马逊,Stock,69522809,Strong,Short,45.5%,XGB:0.77|LGB:0.71|LR:0.64|N:341|Base:0.34,Doji (十字星),108.67,90.25,277.42,9.79,297.0,25.0,6935.0
2026-05-29,AMZN,亚马逊,Stock,54582943,Strong,Short,33.3%,XGB:0.10|LGB:0.07|LR:0.51|N:296|Base:0.33,"Doji (十字星), Doji (十字星)",99.36,97.42,270.64,6.63,283.9,37.0,10013.0
2026-05-28,AMZN,亚马逊,Stock,38605367,Strong,Short,36.9%,XGB:0.17|LGB:0.10|LR:0.69|N:295|Base:0.33,Doji (十字星),110.36,100.74,274.0,6.75,287.5,37.0,10138.0
2026-05-08,AMZN,亚马逊,Stock,34554546,Strong,Short,27.0%,XGB:0.11|LGB:0.12|LR:0.14|N:282|Base:0.32,"Doji (十字星), Bearish Engulfing (看跌吞没), Doji (十字星)",70.22,114.49,272.68,6.98,286.64,35.0,9543.0
2026-05-07,AMZN,亚马逊,Stock,33991650,Strong,Short,29.4%,XGB:0.14|LGB:0.27|LR:0.21|N:281|Base:0.32,"Doji (十字星), Bearish Engulfing (看跌吞没)",70.52,113.01,271.17,7.21,285.59,34.0,9219.0
2026-05-06,AMZN,亚马逊,Stock,44531771,Strong + Div,Short,29.2%,XGB:0.12|LGB:0.28|LR:0.19|N:280|Base:0.33,Doji (十字星),82.11,116.76,274.99,7.29,289.57,34.0,9349.0
2026-04-28,AMZN,亚马逊,Stock,42065244,Strong,Short,36.4%,XGB:0.26|LGB:0.56|LR:0.38|N:298|Base:0.35,Doji (十字星),79.12,117.31,259.7,6.28,272.26,39.0,10128.0
2026-04-23,AMZN,亚马逊,Stock,31032997,Strong,Short,39.6%,XGB:0.26|LGB:0.76|LR:0.53|N:295|Base:0.35,Doji (十字星),85.63,112.46,255.08,6.42,267.92,38.0,9693.0
2026-04-21,AMZN,亚马逊,Stock,42571853,Strong,Short,38.1%,XGB:0.38|LGB:0.43|LR:0.64|N:293|Base:0.35,"Doji (十字星), Doji (十字星), Doji (十字星)",79.18,108.75,249.91,6.51,262.93,38.0,9496.0
2026-04-20,AMZN,亚马逊,Stock,36557790,Strong,Short,41.2%,XGB:0.39|LGB:0.65|LR:0.73|N:292|Base:0.36,"Doji (十字星), Doji (十字星), Doji (十字星)",82.4,106.53,248.28,6.49,261.26,38.0,9434.0
2026-04-16,AMZN,亚马逊,Stock,41687942,Strong + Div,Short,43.4%,XGB:0.52|LGB:0.65|LR:0.86|N:290|Base:0.36,"Doji (十字星), Doji (十字星)",99.03,103.74,249.7,6.6,262.9,37.0,9238.0
2026-04-15,AMZN,亚马逊,Stock,42574235,Strong + AI_Bear,Short,50.1%,XGB:0.88|LGB:0.90|LR:0.87|N:289|Base:0.36,Doji (十字星),100.34,102.08,248.5,6.66,261.82,37.0,9194.0
2026-02-02,AMZN,亚马逊,Stock,37546102,Strong,Short,38.6%,XGB:0.40|LGB:0.53|LR:0.45|N:302|Base:0.36,"Doji (十字星), Doji (十字星)",78.98,84.06,242.96,5.68,254.32,44.0,10690.0
2026-01-30,AMZN,亚马逊,Stock,46585024,Strong,Short,42.0%,XGB:0.51|LGB:0.73|LR:0.42|N:301|Base:0.36,"Doji (十字星), Doji (十字星)",72.61,75.81,239.3,5.54,250.38,45.0,10768.0
2026-01-29,AMZN,亚马逊,Stock,47229643,Strong,Short,45.0%,XGB:0.71|LGB:0.77|LR:0.48|N:300|Base:0.36,Doji (十字星),85.65,82.57,241.73,5.53,252.79,45.0,10877.0
2026-01-13,AMZN,亚马逊,Stock,38371778,Strong,Short,38.8%,XGB:0.29|LGB:0.30|LR:0.63|N:289|Base:0.35,"Shooting Star (射击之星), Doji (十字星)",84.48,87.29,242.6,5.29,253.18,47.0,11402.0
2026-01-12,AMZN,亚马逊,Stock,35867770,Strong,Short,40.1%,XGB:0.24|LGB:0.38|LR:0.69|N:288|Base:0.35,Doji (十字星),99.98,96.2,246.47,5.13,256.73,48.0,11830.0
2026-06-22,AVGO,,Stock,24324818,Strong,Short,35.6%,XGB:0.38|LGB:0.51|LR:0.36|N:311|Base:0.33,"Doji (十字星), Bearish Engulfing (看跌吞没)",75.91,1.45,392.13,21.19,434.51,11.0,4313.0
2026-06-18,AVGO,,Stock,39986213,Strong,Short,26.8%,XGB:0.09|LGB:0.08|LR:0.26|N:310|Base:0.33,Doji (十字星),90.37,12.37,411.35,21.08,453.51,11.0,4524.0
2026-05-15,AVGO,,Stock,18851504,Strong,Short,43.7%,XGB:0.80|LGB:0.70|LR:0.66|N:287|Base:0.33,"Doji (十字星), Hanging Man (吊颈线)",61.39,106.08,425.19,15.75,456.69,15.0,6377.0
2026-05-11,AVGO,,Stock,16711896,Strong,Short,33.8%,XGB:0.37|LGB:0.38|LR:0.42|N:283|Base:0.32,Doji (十字星),77.37,109.97,428.43,14.28,456.99,17.0,7283.0
2026-04-27,AVGO,,Stock,17397609,Strong,Short,29.3%,XGB:0.19|LGB:0.15|LR:0.32|N:297|Base:0.33,"Doji (十字星), Doji (十字星), Doji (十字星)",75.38,113.31,418.2,12.44,443.08,20.0,8364.0
2026-04-24,AVGO,,Stock,22381353,Strong + Div,Short,28.1%,XGB:0.07|LGB:0.14|LR:0.36|N:296|Base:0.33,"Doji (十字星), Doji (十字星)",86.31,114.16,422.76,12.77,448.3,19.0,8032.0
2026-04-23,AVGO,,Stock,19377814,Strong,Short,31.6%,XGB:0.07|LGB:0.12|LR:0.41|N:295|Base:0.33,Doji (十字星),88.43,112.59,419.94,12.51,444.96,19.0,7978.0
2026-04-14,AVGO,,Stock,23237703,Strong + Div,Short,43.5%,XGB:0.62|LGB:0.72|LR:0.85|N:288|Base:0.34,Doji (十字星),111.21,104.5,380.78,12.74,406.26,19.0,7234.0
2026-01-02,AVGO,,Stock,25398600,Strong,Short,35.0%,XGB:0.34|LGB:0.40|LR:0.49|N:282|Base:0.33,Doji (十字星),75.69,18.51,347.62,13.27,374.16,18.0,6257.0
2025-12-31,AVGO,,Stock,15346052,Strong,Short,31.5%,XGB:0.20|LGB:0.20|LR:0.50|N:281|Base:0.33,Doji (十字星),98.95,17.24,346.1,13.13,372.36,19.0,6575.0
2026-05-13,COIN,Coinbase,Stock,8314790,Strong,Short,40.9%,XGB:0.82|LGB:0.82|LR:0.33|N:285|Base:0.37,Hanging Man (吊颈线),67.92,81.09,201.8,12.77,227.34,19.0,3834.0
2026-05-08,COIN,Coinbase,Stock,12816607,Strong,Short,41.9%,XGB:0.74|LGB:0.81|LR:0.44|N:282|Base:0.37,Bearish Engulfing (看跌吞没),76.93,80.41,201.16,11.62,224.4,21.0,4224.0
2026-05-07,COIN,Coinbase,Stock,8641932,Strong,Short,41.5%,XGB:0.68|LGB:0.51|LR:0.39|N:281|Base:0.37,Bearish Engulfing (看跌吞没),62.13,69.34,192.96,11.08,215.12,22.0,4245.0
2026-04-23,COIN,Coinbase,Stock,8656710,Strong,Short,36.4%,XGB:0.42|LGB:0.36|LR:0.36|N:295|Base:0.36,"Doji (十字星), Shooting Star (射击之星)",71.9,83.05,197.93,12.47,222.87,20.0,3958.0
2026-04-22,COIN,Coinbase,Stock,12046229,Strong,Short,38.2%,XGB:0.40|LGB:0.54|LR:0.41|N:294|Base:0.35,"Doji (十字星), Shooting Star (射击之星)",84.06,93.25,206.24,12.48,231.2,20.0,4124.0
2026-04-21,COIN,Coinbase,Stock,14816351,Strong,Short,33.6%,XGB:0.24|LGB:0.31|LR:0.32|N:293|Base:0.35,"Hanging Man (吊颈线), Doji (十字星)",81.89,80.62,195.95,12.21,220.37,20.0,3919.0
2026-04-20,COIN,Coinbase,Stock,9801907,Strong + Div,Short,38.4%,XGB:0.43|LGB:0.56|LR:0.37|N:292|Base:0.35,Doji (十字星),106.08,99.87,211.63,11.84,235.31,21.0,4444.0
2026-02-24,COIN,Coinbase,Stock,10442922,Strong,Short,37.4%,XGB:0.36|LGB:0.47|LR:0.67|N:317|Base:0.34,Shooting Star (射击之星),75.24,22.46,162.03,12.15,186.33,20.0,3240.0
2026-02-23,COIN,Coinbase,Stock,12685504,Strong,Short,35.7%,XGB:0.22|LGB:0.20|LR:0.55|N:316|Base:0.34,Shooting Star (射击之星),83.46,21.34,160.24,12.35,184.94,20.0,3204.0
2026-04-21,CRCL,,Stock,12371584,Strong,Short,31.8%,XGB:0.30|LGB:0.42|LR:0.29|N:186|Base:0.31,"Doji (十字星), Bearish Engulfing (看跌吞没)",64.24,47.41,96.02,8.65,113.32,28.0,2688.0
2026-03-19,CRCL,,Stock,19382371,Strong,Short,29.6%,XGB:0.04|LGB:0.05|LR:0.39|N:164|Base:0.30,Hanging Man (吊颈线),78.56,110.99,128.33,8.35,145.03,29.0,3721.0
2026-03-13,CRCL,,Stock,11292077,Strong,Short,32.3%,XGB:0.28|LGB:0.58|LR:0.31|N:160|Base:0.31,"Bearish Engulfing (看跌吞没), Shooting Star (射击之星)",72.66,106.69,115.38,7.49,130.36,33.0,3807.0
2026-03-12,CRCL,,Stock,12117582,Strong,Short,29.6%,XGB:0.21|LGB:0.27|LR:0.23|N:159|Base:0.31,"Bearish Engulfing (看跌吞没), Shooting Star (射击之星)",77.07,105.42,114.18,7.6,129.38,32.0,3653.0
2026-03-11,CRCL,,Stock,19135761,Strong,Short,27.8%,XGB:0.08|LGB:0.12|LR:0.19|N:158|Base:0.31,Bearish Engulfing (看跌吞没),81.3,103.97,112.81,7.83,128.47,31.0,3497.0
2026-03-06,CRCL,,Stock,16147263,Strong,Short,32.8%,XGB:0.41|LGB:0.34|LR:0.45|N:155|Base:0.32,"Doji (十字星), Shooting Star (射击之星)",90.66,94.91,101.91,7.14,116.19,35.0,3566.0
2026-03-05,CRCL,,Stock,20902200,Strong + Div,Short,30.5%,XGB:0.20|LGB:0.45|LR:0.03|N:154|Base:0.31,Doji (十字星),98.94,99.86,105.74,7.22,120.18,34.0,3595.0
2026-06-23,CRWV,,Stock,25112072,Strong,Short,35.8%,XGB:0.43|LGB:0.47|LR:0.56|N:276|Base:0.32,"Shooting Star (射击之星), Doji (十字星)",66.67,28.64,105.72,9.0,123.72,27.0,2854.0
2026-06-22,CRWV,,Stock,28098046,Strong,Short,36.3%,XGB:0.52|LGB:0.45|LR:0.55|N:275|Base:0.32,"Shooting Star (射击之星), Doji (十字星)",89.62,37.81,111.29,8.92,129.13,28.0,3116.0
2026-05-29,CRWV,,Stock,23126036,Strong,Short,29.5%,XGB:0.19|LGB:0.13|LR:0.45|N:260|Base:0.32,"Bearish Engulfing (看跌吞没), Hanging Man (吊颈线)",100.31,58.27,109.53,7.95,125.43,31.0,3395.0
2026-04-23,CRWV,,Stock,21495415,Strong,Short,28.0%,XGB:0.15|LGB:0.09|LR:0.28|N:235|Base:0.32,Hanging Man (吊颈线),70.62,105.37,117.42,7.6,132.62,32.0,3757.0
2026-04-21,CRWV,,Stock,17670781,Strong,Short,29.5%,XGB:0.25|LGB:0.17|LR:0.24|N:233|Base:0.32,"Hanging Man (吊颈线), Hanging Man (吊颈线)",84.99,105.71,115.16,7.39,129.94,33.0,3800.0
2026-04-20,CRWV,,Stock,29228568,Strong,Short,33.5%,XGB:0.60|LGB:0.24|LR:0.27|N:232|Base:0.32,"Hanging Man (吊颈线), Hanging Man (吊颈线)",92.01,108.92,117.43,7.42,132.27,33.0,3875.0
2026-04-17,CRWV,,Stock,23669147,Strong,Short,28.1%,XGB:0.11|LGB:0.25|LR:0.16|N:231|Base:0.31,Hanging Man (吊颈线),96.03,98.38,116.85,7.42,131.69,33.0,3856.0
2026-04-16,CRWV,,Stock,28826632,Strong + Div,Short,28.9%,XGB:0.20|LGB:0.20|LR:0.23|N:230|Base:0.31,Hanging Man (吊颈线),102.94,102.21,119.56,7.63,134.82,32.0,3825.0
2026-04-15,CRWV,,Stock,42867755,Strong + Div,Short,29.8%,XGB:0.24|LGB:0.19|LR:0.33|N:229|Base:0.31,Hanging Man (吊颈线),104.81,101.95,118.69,7.66,134.01,32.0,3798.0
2026-02-19,CRWV,,Stock,10807600,Strong + Div,Short,32.0%,XGB:0.38|LGB:0.34|LR:0.28|N:191|Base:0.31,Hanging Man (吊颈线),92.39,68.08,97.14,8.37,113.88,29.0,2817.0
2026-02-18,CRWV,,Stock,17481800,Strong,Short,37.0%,XGB:0.74|LGB:0.54|LR:0.42|N:190|Base:0.32,"Doji (十字星), Hanging Man (吊颈线)",88.44,65.09,95.45,8.64,112.73,28.0,2672.0
2026-02-17,CRWV,,Stock,17482200,Strong,Short,35.9%,XGB:0.45|LGB:0.64|LR:0.47|N:189|Base:0.32,"Doji (十字星), Hanging Man (吊颈线)",85.55,57.23,91.0,8.56,108.12,29.0,2639.0
2026-01-28,CRWV,,Stock,36455600,Strong,Short,28.3%,XGB:0.11|LGB:0.11|LR:0.29|N:176|Base:0.31,Dark Cloud Cover (乌云盖顶),72.0,100.02,106.02,8.5,123.02,29.0,3074.0
2026-01-22,CRWV,,Stock,19946400,Strong,Short,30.9%,XGB:0.07|LGB:0.05|LR:0.39|N:172|Base:0.32,"Doji (十字星), Doji (十字星), Hanging Man (吊颈线)",62.59,88.69,91.79,7.12,106.03,35.0,3212.0
2026-01-21,CRWV,,Stock,29676600,Strong,Short,31.7%,XGB:0.34|LGB:0.18|LR:0.46|N:171|Base:0.32,"Doji (十字星), Doji (十字星), Hanging Man (吊颈线)",74.9,93.18,94.05,7.06,108.17,35.0,3291.0
2026-01-20,CRWV,,Stock,26822500,Strong,Short,28.8%,XGB:0.09|LGB:0.10|LR:0.37|N:170|Base:0.32,"Doji (十字星), Doji (十字星)",86.35,95.5,95.22,6.93,109.08,36.0,3427.0
2026-06-18,GOOGL,谷歌,Stock,44359380,Strong,Short,30.7%,XGB:0.07|LGB:0.13|LR:0.42|N:310|Base:0.31,"Doji (十字星), Doji (十字星)",88.19,40.78,368.03,10.75,389.53,23.0,8464.0
2026-06-15,GOOGL,谷歌,Stock,27424864,Strong,Short,27.5%,XGB:0.11|LGB:0.13|LR:0.39|N:307|Base:0.31,Doji (十字星),83.34,42.11,369.35,10.86,391.07,23.0,8495.0
2026-05-15,GOOGL,谷歌,Stock,20175668,Strong,Short,37.7%,XGB:0.53|LGB:0.64|LR:0.66|N:287|Base:0.30,Doji (十字星),70.61,116.53,396.78,9.7,416.18,25.0,9919.0
2026-05-12,GOOGL,谷歌,Stock,25550827,Strong,Short,39.3%,XGB:0.65|LGB:0.65|LR:0.67|N:284|Base:0.30,"Doji (十字星), Doji (十字星)",62.45,111.85,387.35,9.39,406.13,26.0,10071.0
2026-05-11,GOOGL,谷歌,Stock,30604818,Strong,Short,35.3%,XGB:0.52|LGB:0.48|LR:0.62|N:283|Base:0.29,"Doji (十字星), Doji (十字星)",83.87,112.62,388.64,9.66,407.96,25.0,9716.0
2026-05-07,GOOGL,谷歌,Stock,22403998,Strong,Short,28.1%,XGB:0.15|LGB:0.28|LR:0.40|N:281|Base:0.29,Doji (十字星),98.66,121.97,397.99,9.75,417.49,25.0,9949.0
2026-05-05,GOOGL,谷歌,Stock,23462299,Strong + Div,Short,27.6%,XGB:0.17|LGB:0.18|LR:0.41|N:279|Base:0.29,Doji (十字星),95.05,120.42,388.43,9.82,408.07,25.0,9710.0
2026-05-04,GOOGL,谷歌,Stock,26096271,Strong,Short,29.9%,XGB:0.22|LGB:0.24|LR:0.47|N:302|Base:0.31,Doji (十字星),96.0,120.46,383.25,9.84,402.93,25.0,9581.0
2026-04-29,GOOGL,谷歌,Stock,29676925,Strong,Short,29.5%,XGB:0.20|LGB:0.22|LR:0.41|N:299|Base:0.31,"Doji (十字星), Doji (十字星)",77.59,117.87,349.94,8.21,366.36,30.0,10498.0
2026-04-28,GOOGL,谷歌,Stock,27244680,Strong,Short,29.3%,XGB:0.16|LGB:0.23|LR:0.43|N:298|Base:0.31,Doji (十字星),85.88,120.04,349.78,7.95,365.68,31.0,10843.0
2026-04-23,GOOGL,谷歌,Stock,18458741,Strong,Short,32.3%,XGB:0.15|LGB:0.13|LR:0.48|N:295|Base:0.32,"Doji (十字星), Doji (十字星)",83.47,113.95,338.89,7.74,354.37,32.0,10844.0
2026-04-22,GOOGL,谷歌,Stock,19260580,Strong,Short,30.7%,XGB:0.26|LGB:0.20|LR:0.50|N:294|Base:0.32,Doji (十字星),80.44,114.42,339.32,7.89,355.1,31.0,10518.0
2026-02-25,GOOGL,谷歌,Stock,29963621,Strong,Short,39.8%,XGB:0.71|LGB:0.61|LR:0.45|N:318|Base:0.31,Doji (十字星),81.24,14.97,312.9,8.87,330.64,28.0,8761.0
2026-02-03,GOOGL,谷歌,Stock,36506709,Strong,Short,32.1%,XGB:0.28|LGB:0.45|LR:0.43|N:303|Base:0.30,"Doji (十字星), Doji (十字星), Dark Cloud Cover (乌云盖顶)",75.45,84.07,339.71,8.37,356.45,29.0,9851.0
2026-01-30,GOOGL,谷歌,Stock,31023954,Strong,Short,31.3%,XGB:0.33|LGB:0.32|LR:0.41|N:301|Base:0.30,"Doji (十字星), Doji (十字星)",91.01,85.61,338.0,8.05,354.1,31.0,10478.0
2026-01-29,GOOGL,谷歌,Stock,39785612,Strong,Short,33.2%,XGB:0.43|LGB:0.37|LR:0.43|N:300|Base:0.30,Doji (十字星),92.18,86.03,338.25,8.08,354.41,30.0,10147.0
2026-01-28,GOOGL,谷歌,Stock,27434434,Strong + Div,Short,34.6%,XGB:0.51|LGB:0.41|LR:0.44|N:299|Base:0.30,"Doji (十字星), Doji (十字星)",90.44,84.98,336.01,7.49,350.99,33.0,11088.0
2026-01-16,GOOGL,谷歌,Stock,40341637,Strong,Short,29.7%,XGB:0.06|LGB:0.06|LR:0.45|N:292|Base:0.30,"Doji (十字星), Doji (十字星), Bearish Engulfing (看跌吞没)",67.93,86.19,330.0,7.44,344.88,33.0,10890.0
2026-01-15,GOOGL,谷歌,Stock,28442406,Strong,Short,30.4%,XGB:0.13|LGB:0.12|LR:0.45|N:291|Base:0.30,"Doji (十字星), Doji (十字星), Bearish Engulfing (看跌吞没)",80.93,89.66,332.78,7.48,347.74,33.0,10981.0
2026-01-14,GOOGL,谷歌,Stock,28525571,Strong,Short,31.0%,XGB:0.28|LGB:0.36|LR:0.40|N:290|Base:0.30,"Doji (十字星), Doji (十字星)",91.31,93.48,335.84,7.52,350.88,33.0,11082.0
2026-01-13,GOOGL,谷歌,Stock,33517607,Strong + Div,Short,28.0%,XGB:0.14|LGB:0.23|LR:0.38|N:289|Base:0.30,Doji (十字星),92.96,93.64,335.97,7.64,351.25,32.0,10751.0
2026-01-09,GOOGL,谷歌,Stock,26214166,Strong + Div,Short,33.4%,XGB:0.41|LGB:0.43|LR:0.42|N:287|Base:0.30,Doji (十字星),85.2,88.58,328.57,7.45,343.47,33.0,10842.0
2026-01-05,GOOGL,谷歌,Stock,30195597,Strong + Div + AI_Bear,Short,53.0%,XGB:0.42|LGB:0.62|LR:0.57|HMM:0,Shooting Star (射击之星),69.81,75.06,316.54,6.14,328.82,40.0,12661.0
2026-01-02,GOOGL,谷歌,Stock,32009385,Strong + Div,Short,27.9%,XGB:0.12|LGB:0.19|LR:0.36|N:282|Base:0.31,"Doji (十字星), Doji (十字星)",78.74,72.99,315.15,7.22,329.59,34.0,10715.0
2025-12-31,GOOGL,谷歌,Stock,16377689,Strong,Short,27.7%,XGB:0.13|LGB:0.15|LR:0.36|N:281|Base:0.31,"Doji (十字星), Doji (十字星), Doji (十字星)",94.73,70.11,313.0,6.84,326.68,36.0,11268.0
2026-07-10,HOOD,罗宾汉,Stock,25645970,Strong,Short,33.3%,XGB:0.36|LGB:0.25|LR:0.39|N:324|Base:0.34,Bearish Engulfing (看跌吞没),74.2,90.53,111.97,6.89,125.75,36.0,4030.0
2026-07-09,HOOD,罗宾汉,Stock,18646564,Strong,Short,31.4%,XGB:0.20|LGB:0.21|LR:0.46|N:323|Base:0.34,Doji (十字星),88.18,95.75,115.11,6.61,128.33,37.0,4259.0
2026-07-08,HOOD,罗宾汉,Stock,18238841,Strong,Short,32.4%,XGB:0.32|LGB:0.19|LR:0.42|N:322|Base:0.34,Doji (十字星),85.78,93.12,113.53,6.65,126.83,37.0,4200.0
2026-07-07,HOOD,罗宾汉,Stock,21708467,Strong,Short,31.5%,XGB:0.22|LGB:0.23|LR:0.39|N:321|Base:0.34,Doji (十字星),87.78,92.08,112.9,6.76,126.42,36.0,4064.0
2026-07-06,HOOD,罗宾汉,Stock,25392022,Strong + Div,Short,31.9%,XGB:0.21|LGB:0.26|LR:0.45|N:320|Base:0.33,Doji (十字星),92.81,99.79,117.55,6.87,131.29,36.0,4231.0
2026-06-23,HOOD,罗宾汉,Stock,40410126,Strong,Short,32.2%,XGB:0.27|LGB:0.23|LR:0.37|N:312|Base:0.34,Doji (十字星),75.44,95.94,103.25,6.58,116.41,37.0,3820.0
2026-06-22,HOOD,罗宾汉,Stock,31164214,Strong,Short,30.3%,XGB:0.15|LGB:0.21|LR:0.36|N:311|Base:0.34,Doji (十字星),89.23,100.43,105.71,6.7,119.11,37.0,3911.0
2026-06-18,HOOD,罗宾汉,Stock,38958063,Strong,Short,38.7%,XGB:0.51|LGB:0.55|LR:0.44|N:310|Base:0.34,Doji (十字星),96.2,104.36,108.15,6.66,121.47,37.0,4001.0
2026-06-16,HOOD,罗宾汉,Stock,31425516,Strong,Short,37.8%,XGB:0.35|LGB:0.62|LR:0.43|N:308|Base:0.34,Doji (十字星),89.23,96.68,96.71,6.11,108.93,40.0,3868.0
2026-06-15,HOOD,罗宾汉,Stock,36345695,Strong + Div,Short,33.1%,XGB:0.33|LGB:0.18|LR:0.49|N:307|Base:0.34,Doji (十字星),94.46,102.36,98.12,6.02,110.16,41.0,4022.0
2026-06-12,HOOD,罗宾汉,Stock,32858478,Strong,Short,37.7%,XGB:0.47|LGB:0.43|LR:0.52|N:306|Base:0.34,Doji (十字星),86.99,93.66,93.19,5.89,104.97,42.0,3913.0
2026-06-03,HOOD,罗宾汉,Stock,23782951,Strong,Short,38.2%,XGB:0.43|LGB:0.57|LR:0.38|N:299|Base:0.35,"Hanging Man (吊颈线), Doji (十字星)",66.19,76.63,82.85,5.17,93.19,48.0,3976.0
2026-06-02,HOOD,罗宾汉,Stock,26280303,Strong,Short,39.5%,XGB:0.49|LGB:0.63|LR:0.41|N:298|Base:0.35,"Hanging Man (吊颈线), Doji (十字星)",93.89,91.5,88.16,5.12,98.4,48.0,4231.0
2026-06-01,HOOD,罗宾汉,Stock,42114393,Strong,Short,30.4%,XGB:0.12|LGB:0.19|LR:0.37|N:297|Base:0.34,Hanging Man (吊颈线),106.42,98.69,90.73,5.16,101.05,48.0,4355.0
2026-05-13,HOOD,罗宾汉,Stock,14707103,Strong,Short,43.5%,XGB:0.71|LGB:0.71|LR:0.56|N:285|Base:0.35,"Hanging Man (吊颈线), Hanging Man (吊颈线), Doji (十字星)",67.09,53.12,76.75,4.3,85.35,58.0,4451.0
2026-05-12,HOOD,罗宾汉,Stock,16951506,Strong,Short,44.1%,XGB:0.75|LGB:0.75|LR:0.57|N:284|Base:0.35,Hanging Man (吊颈线),90.9,57.09,78.27,4.4,87.07,56.0,4383.0
2026-04-23,HOOD,罗宾汉,Stock,33248860,Strong,Short,33.8%,XGB:0.29|LGB:0.35|LR:0.40|N:295|Base:0.34,Doji (十字星),68.49,86.4,83.54,4.88,93.3,51.0,4260.0
2026-04-22,HOOD,罗宾汉,Stock,27222944,Strong,Short,38.0%,XGB:0.51|LGB:0.53|LR:0.42|N:294|Base:0.34,Doji (十字星),85.2,99.16,88.43,4.74,97.91,52.0,4598.0
2026-04-21,HOOD,罗宾汉,Stock,36343998,Strong,Short,31.6%,XGB:0.25|LGB:0.21|LR:0.35|N:293|Base:0.34,Doji (十字星),88.17,93.94,86.43,4.82,96.07,51.0,4407.0
2026-04-20,HOOD,罗宾汉,Stock,35233333,Strong + Div,Short,30.2%,XGB:0.15|LGB:0.18|LR:0.37|N:292|Base:0.34,Doji (十字星),104.77,106.58,91.28,4.79,100.86,52.0,4746.0
2026-07-20,META,元宇宙(Facebook),Stock,9924164,Strong,Short,42.7%,XGB:0.54|LGB:0.62|LR:0.33|N:330|Base:0.38,Doji (十字星),62.67,86.48,645.85,25.69,697.23,9.0,5812.0
2026-07-17,META,元宇宙(Facebook),Stock,20966389,Strong,Short,41.3%,XGB:0.62|LGB:0.72|LR:0.35|N:329|Base:0.39,"Doji (十字星), Doji (十字星)",72.16,83.43,646.01,26.33,698.67,9.0,5814.0
2026-07-16,META,元宇宙(Facebook),Stock,15736700,Strong,Short,32.5%,XGB:0.16|LGB:0.12|LR:0.36|N:328|Base:0.38,Doji (十字星),91.04,93.31,664.54,25.39,715.32,9.0,5980.0
2026-07-14,META,元宇宙(Facebook),Stock,13244016,Strong,Short,39.7%,XGB:0.49|LGB:0.39|LR:0.40|N:326|Base:0.38,Doji (十字星),95.36,95.29,661.04,25.39,711.82,9.0,5949.0
2026-07-13,META,元宇宙(Facebook),Stock,18010409,Strong,Short,35.0%,XGB:0.29|LGB:0.16|LR:0.47|N:325|Base:0.38,Doji (十字星),101.03,92.86,656.73,26.0,708.73,9.0,5910.0
2026-05-14,META,元宇宙(Facebook),Stock,10031286,Strong,Short,42.9%,XGB:0.56|LGB:0.57|LR:0.54|N:286|Base:0.38,Doji (十字星),86.5,63.79,618.43,17.44,653.31,14.0,8658.0
2026-04-22,META,元宇宙(Facebook),Stock,9144787,Strong,Short,35.8%,XGB:0.33|LGB:0.25|LR:0.24|N:294|Base:0.39,"Doji (十字星), Doji (十字星)",70.23,108.28,674.72,18.62,711.96,13.0,8771.0
2026-04-21,META,元宇宙(Facebook),Stock,8588077,Strong,Short,36.2%,XGB:0.34|LGB:0.24|LR:0.29|N:293|Base:0.39,"Doji (十字星), Doji (十字星)",72.55,105.61,668.84,19.32,707.48,12.0,8026.0
2026-04-20,META,元宇宙(Facebook),Stock,12357266,Strong,Short,36.4%,XGB:0.37|LGB:0.25|LR:0.27|N:292|Base:0.39,Doji (十字星),90.54,106.55,670.91,20.12,711.15,12.0,8050.0
2026-04-16,META,元宇宙(Facebook),Stock,8876437,Strong + Div,Short,42.2%,XGB:0.61|LGB:0.50|LR:0.33|N:290|Base:0.39,Doji (十字星),108.02,94.95,676.87,20.37,717.61,12.0,8122.0
2026-04-15,META,元宇宙(Facebook),Stock,14845156,Strong + Div,Short,42.5%,XGB:0.58|LGB:0.51|LR:0.42|N:289|Base:0.39,Doji (十字星),107.58,92.35,671.58,21.19,713.96,11.0,7387.0
2026-02-03,META,元宇宙(Facebook),Stock,13760663,Strong,Short,33.7%,XGB:0.31|LGB:0.31|LR:0.40|N:303|Base:0.34,Doji (十字星),65.6,75.59,691.7,21.77,735.24,11.0,7608.0
2026-02-02,META,元宇宙(Facebook),Stock,14365224,Strong,Short,32.2%,XGB:0.27|LGB:0.21|LR:0.43|N:302|Base:0.34,Doji (十字星),87.55,83.53,706.41,21.09,748.59,11.0,7770.0
2026-01-30,META,元宇宙(Facebook),Stock,23744573,Strong,Short,44.0%,XGB:0.42|LGB:0.36|LR:0.64|HMM:0,Doji (十字星),101.29,77.48,716.5,25.02,766.54,9.0,6448.0
2026-01-29,META,元宇宙(Facebook),Stock,59852903,Strong + Div,Short,35.5%,XGB:0.31|LGB:0.11|LR:0.54|N:300|Base:0.34,Doji (十字星),114.83,89.26,738.31,21.09,780.49,11.0,8121.0
2026-01-28,META,元宇宙(Facebook),Stock,25709600,Strong,Short,44.0%,XGB:0.42|LGB:0.36|LR:0.64|HMM:0,Doji (十字星),114.1,62.71,668.73,17.35,703.43,14.0,9362.0
2026-01-27,META,元宇宙(Facebook),Stock,13297350,Strong,Short,44.0%,XGB:0.42|LGB:0.36|LR:0.64|HMM:0,Doji (十字星),119.29,65.68,672.97,18.23,709.43,13.0,8748.0
2026-05-21,MSFT,微软,Stock,31024851,Strong,Short,36.8%,XGB:0.23|LGB:0.36|LR:0.61|N:291|Base:0.33,Dark Cloud Cover (乌云盖顶),64.04,98.84,419.09,11.23,441.55,22.0,9219.0
2026-05-19,MSFT,微软,Stock,31526042,Strong,Short,35.0%,XGB:0.40|LGB:0.36|LR:0.51|N:289|Base:0.33,Dark Cloud Cover (乌云盖顶),67.69,97.16,417.42,11.32,440.06,22.0,9183.0
2026-04-29,MSFT,微软,Stock,31217392,Strong,Short,27.5%,XGB:0.10|LGB:0.15|LR:0.12|N:299|Base:0.33,"Doji (十字星), Doji (十字星)",61.24,111.19,424.46,10.18,444.82,24.0,10187.0
2026-04-27,MSFT,微软,Stock,30769467,Strong,Short,28.9%,XGB:0.21|LGB:0.14|LR:0.14|N:297|Base:0.33,Doji (十字星),75.76,111.55,424.82,10.45,445.72,23.0,9770.0
2026-04-23,MSFT,微软,Stock,37996014,Strong,Short,30.8%,XGB:0.17|LGB:0.28|LR:0.26|N:295|Base:0.34,"Doji (十字星), Doji (十字星)",81.96,92.36,415.75,10.58,436.91,23.0,9562.0
2026-04-21,MSFT,微软,Stock,31779522,Strong + Div,Short,26.3%,XGB:0.03|LGB:0.06|LR:0.16|N:293|Base:0.33,Doji (十字星),91.8,102.69,424.16,9.73,443.62,25.0,10604.0
2026-04-20,MSFT,微软,Stock,27240190,Strong,Short,27.8%,XGB:0.05|LGB:0.09|LR:0.31|N:292|Base:0.34,"Doji (十字星), Doji (十字星), Doji (十字星)",91.03,96.4,418.07,9.71,437.49,25.0,10451.0
2026-04-16,MSFT,微软,Stock,41060589,Strong,Short,31.9%,XGB:0.05|LGB:0.03|LR:0.41|N:290|Base:0.34,Doji (十字星),112.33,83.8,420.26,9.81,439.88,25.0,10506.0
2026-01-28,MSFT,微软,Stock,36875403,Strong + AI_Bear,Short,50.2%,XGB:0.10|LGB:0.12|LR:0.67|HMM:1,Hanging Man (吊颈线),117.47,73.56,481.63,10.59,502.81,23.0,11077.0
2026-06-23,MU,美光科技,Stock,58149691,Strong,Short,26.0%,XGB:0.18|LGB:0.15|LR:0.20|N:312|Base:0.29,"Bearish Engulfing (看跌吞没), Hanging Man (吊颈线)",74.25,84.01,1051.77,86.44,1224.65,2.0,2103.0
2026-06-22,MU,美光科技,Stock,47957880,Strong,Short,25.4%,XGB:0.11|LGB:0.16|LR:0.23|N:311|Base:0.29,Hanging Man (吊颈线),107.99,101.13,1211.38,79.79,1370.96,3.0,3634.0
2026-06-17,MU,美光科技,Stock,43963923,Strong,Short,24.7%,XGB:0.17|LGB:0.08|LR:0.13|N:309|Base:0.29,Bearish Engulfing (看跌吞没),80.06,88.16,1043.19,77.78,1198.75,3.0,3129.0
2026-06-16,MU,美光科技,Stock,43671087,Strong,Short,25.1%,XGB:0.14|LGB:0.15|LR:0.10|N:308|Base:0.30,Bearish Engulfing (看跌吞没),76.97,85.57,1020.76,77.64,1176.04,3.0,3062.0
2026-06-04,MU,美光科技,Stock,53659458,Strong,Short,31.1%,XGB:0.33|LGB:0.44|LR:0.16|N:300|Base:0.30,"Hanging Man (吊颈线), Doji (十字星)",85.55,95.67,996.0,60.68,1117.36,4.0,3984.0
2026-06-03,MU,美光科技,Stock,39267880,Strong + Div,Short,28.9%,XGB:0.37|LGB:0.56|LR:0.13|N:299|Base:0.30,Doji (十字星),106.01,104.63,1079.57,57.05,1193.67,4.0,4318.0
2026-06-02,MU,美光科技,Stock,46275666,Strong + Div,Short,28.4%,XGB:0.13|LGB:0.39|LR:0.18|N:298|Base:0.30,Hanging Man (吊颈线),106.9,104.32,1064.1,57.54,1179.18,4.0,4256.0
2026-05-28,MU,美光科技,Stock,48774823,Strong,Short,29.4%,XGB:0.25|LGB:0.33|LR:0.21|N:295|Base:0.30,Doji (十字星),98.4,99.24,923.52,55.86,1035.24,4.0,3694.0
2026-05-15,MU,美光科技,Stock,47938161,Strong,Short,36.0%,XGB:0.53|LGB:0.53|LR:0.38|N:287|Base:0.31,"Doji (十字星), Hanging Man (吊颈线), Hanging Man (吊颈线), Shooting Star (射击之星), Shooting Star (射击之星)",61.43,99.46,724.66,45.47,815.6,5.0,3623.0
2026-05-14,MU,美光科技,Stock,42112651,Strong,Short,33.5%,XGB:0.33|LGB:0.55|LR:0.29|N:286|Base:0.31,"Doji (十字星), Hanging Man (吊颈线), Hanging Man (吊颈线), Shooting Star (射击之星)",86.15,107.34,776.01,44.58,865.17,5.0,3880.0
2026-05-13,MU,美光科技,Stock,53733828,Strong + Div,Short,29.2%,XGB:0.15|LGB:0.35|LR:0.27|N:285|Base:0.31,"Doji (十字星), Hanging Man (吊颈线)",92.6,111.57,803.63,45.21,894.05,5.0,4018.0
2026-05-12,MU,美光科技,Stock,71288236,Strong,Short,30.6%,XGB:0.18|LGB:0.44|LR:0.28|N:284|Base:0.31,"Doji (十字星), Hanging Man (吊颈线)",87.64,105.89,766.58,44.97,856.52,5.0,3832.0
2026-05-11,MU,美光科技,Stock,69115976,Strong + Div,Short,30.0%,XGB:0.41|LGB:0.19|LR:0.24|N:283|Base:0.30,Doji (十字星),95.78,110.3,795.33,41.61,878.55,6.0,4771.0
2026-05-07,MU,美光科技,Stock,46040165,Strong,Short,30.8%,XGB:0.29|LGB:0.38|LR:0.24|N:281|Base:0.31,"Hanging Man (吊颈线), Doji (十字星)",88.91,105.32,646.63,34.56,715.75,7.0,4526.0
2026-05-06,MU,美光科技,Stock,55656720,Strong,Short,29.1%,XGB:0.18|LGB:0.25|LR:0.38|N:280|Base:0.31,Hanging Man (吊颈线),100.45,112.72,666.59,33.55,733.69,7.0,4666.0
2026-04-30,MU,美光科技,Stock,34986078,Strong,Short,29.1%,XGB:0.23|LGB:0.22|LR:0.37|N:300|Base:0.31,Doji (十字星),81.35,102.43,517.16,27.63,572.42,9.0,4654.0
2026-04-29,MU,美光科技,Stock,35354365,Strong,Short,31.5%,XGB:0.21|LGB:0.40|LR:0.45|N:299|Base:0.31,Doji (十字星),82.77,104.23,518.46,27.22,572.9,9.0,4666.0
2026-04-28,MU,美光科技,Stock,43805215,Strong,Short,33.2%,XGB:0.36|LGB:0.43|LR:0.41|N:298|Base:0.31,"Doji (十字星), Doji (十字星)",78.3,99.22,504.29,27.26,558.81,9.0,4538.0
2026-04-24,MU,美光科技,Stock,35248923,Strong + Div,Short,34.1%,XGB:0.37|LGB:0.47|LR:0.47|N:296|Base:0.31,Doji (十字星),87.55,95.92,496.72,25.94,548.6,9.0,4470.0
2026-04-23,MU,美光科技,Stock,37680357,Strong,Short,33.6%,XGB:0.37|LGB:0.43|LR:0.45|N:295|Base:0.31,Doji (十字星),85.7,94.92,481.72,25.99,533.7,9.0,4335.0
2026-04-21,MU,美光科技,Stock,26878179,Strong,Short,30.5%,XGB:0.27|LGB:0.25|LR:0.47|N:293|Base:0.31,"Doji (十字星), Hanging Man (吊颈线), Doji (十字星)",68.4,89.32,449.38,25.06,499.5,9.0,4044.0
2026-04-20,MU,美光科技,Stock,31749115,Strong,Short,36.5%,XGB:0.52|LGB:0.52|LR:0.50|N:292|Base:0.31,"Doji (十字星), Hanging Man (吊颈线)",75.97,88.85,448.42,25.72,499.86,9.0,4035.0
2026-02-26,MU,美光科技,Stock,35433455,Strong,Short,35.6%,XGB:0.44|LGB:0.52|LR:0.53|N:319|Base:0.30,"Doji (十字星), Doji (十字星)",62.1,76.32,415.56,24.36,464.28,10.0,4155.0
2026-02-25,MU,美光科技,Stock,27296338,Strong + Div,Short,33.8%,XGB:0.49|LGB:0.36|LR:0.48|N:318|Base:0.30,"Doji (十字星), Doji (十字星)",80.5,82.22,429.0,23.77,476.54,10.0,4290.0
2026-02-24,MU,美光科技,Stock,33389161,Strong,Short,35.7%,XGB:0.52|LGB:0.49|LR:0.50|N:317|Base:0.30,Doji (十字星),74.11,77.39,418.01,24.15,466.31,10.0,4180.0
2026-02-23,MU,美光科技,Stock,25426639,Strong,Short,38.1%,XGB:0.62|LGB:0.61|LR:0.47|N:316|Base:0.30,Doji (十字星),88.73,78.69,420.97,24.08,469.13,10.0,4209.0
2026-02-19,MU,美光科技,Stock,21651264,Strong,Short,37.7%,XGB:0.63|LGB:0.58|LR:0.45|N:314|Base:0.30,Shooting Star (射击之星),79.07,75.84,417.35,25.39,468.13,9.0,3756.0
2026-01-30,MU,美光科技,Stock,51022881,Strong,Short,26.8%,XGB:0.18|LGB:0.26|LR:0.15|N:301|Base:0.29,Hanging Man (吊颈线),67.15,89.43,414.88,21.89,458.66,11.0,4563.0
2026-01-29,MU,美光科技,Stock,42675710,Strong + Div,Short,27.2%,XGB:0.16|LGB:0.26|LR:0.23|N:300|Base:0.29,Hanging Man (吊颈线),94.23,99.84,435.79,19.85,475.49,12.0,5229.0
2026-01-27,MU,美光科技,Stock,36212062,Strong + Div,Short,33.1%,XGB:0.41|LGB:0.54|LR:0.24|N:298|Base:0.30,Doji (十字星),88.09,100.47,410.24,18.58,447.4,13.0,5333.0
2026-01-26,MU,美光科技,Stock,29193925,Strong,Short,30.1%,XGB:0.23|LGB:0.45|LR:0.22|N:297|Base:0.30,"Doji (十字星), Doji (十字星)",78.64,93.43,389.09,17.91,424.91,13.0,5058.0
2026-01-23,MU,美光科技,Stock,35404198,Strong + Div,Short,24.1%,XGB:0.05|LGB:0.09|LR:0.20|N:296|Base:0.29,Doji (十字星),91.96,100.73,399.65,18.1,435.85,13.0,5195.0
2026-01-22,MU,美光科技,Stock,39607596,Strong,Short,26.4%,XGB:0.15|LGB:0.20|LR:0.21|N:295|Base:0.29,Doji (十字星),98.21,105.61,397.58,17.83,433.24,14.0,5566.0
2026-01-20,MU,美光科技,Stock,49744908,Strong + Div,Short,29.3%,XGB:0.34|LGB:0.28|LR:0.19|N:293|Base:0.30,Doji (十字星),73.78,98.08,365.0,16.7,398.4,14.0,5110.0
2026-01-15,MU,美光科技,Stock,25370230,Strong,Short,30.9%,XGB:0.37|LGB:0.38|LR:0.17|N:291|Base:0.30,"Bearish Engulfing (看跌吞没), Doji (十字星)",62.15,99.35,336.63,15.45,367.53,16.0,5386.0
2026-01-14,MU,美光科技,Stock,20277196,Strong,Short,32.5%,XGB:0.68|LGB:0.72|LR:0.19|N:290|Base:0.30,"Bearish Engulfing (看跌吞没), Doji (十字星)",71.51,97.74,333.35,15.53,364.41,16.0,5333.0
2026-01-13,MU,美光科技,Stock,23881339,Strong,Short,33.7%,XGB:0.37|LGB:0.60|LR:0.25|N:289|Base:0.30,"Doji (十字星), Bearish Engulfing (看跌吞没)",85.98,100.08,338.13,15.89,369.91,15.0,5071.0
2026-01-12,MU,美光科技,Stock,23152588,Strong + Div,Short,34.2%,XGB:0.39|LGB:0.57|LR:0.34|N:288|Base:0.30,Doji (十字星),95.85,105.21,345.87,15.88,377.63,15.0,5188.0
2026-01-09,MU,美光科技,Stock,33387505,Strong + Div,Short,39.2%,XGB:0.65|LGB:0.73|LR:0.44|N:287|Base:0.30,Doji (十字星),90.95,105.23,345.09,16.39,377.87,15.0,5176.0
2026-01-08,MU,美光科技,Stock,33897720,Strong,Short,31.4%,XGB:0.22|LGB:0.42|LR:0.42|N:286|Base:0.30,Doji (十字星),77.8,96.09,327.02,16.15,359.32,15.0,4905.0
2026-01-07,MU,美光科技,Stock,32781099,Strong,Short,31.3%,XGB:0.25|LGB:0.54|LR:0.20|N:285|Base:0.30,Doji (十字星),93.28,102.43,339.55,15.67,370.89,15.0,5093.0
2025-12-31,MU,美光科技,Stock,17573788,Strong,Short,35.4%,XGB:0.42|LGB:0.68|LR:0.32|N:281|Base:0.30,Doji (十字星),87.3,92.52,285.41,13.67,312.75,18.0,5137.0
2026-06-22,NVDA,英伟达,Stock,115057966,Strong,Short,29.9%,XGB:0.29|LGB:0.23|LR:0.52|N:311|Base:0.29,Dark Cloud Cover (乌云盖顶),79.63,23.4,208.65,7.49,223.63,33.0,6885.0
2026-05-18,NVDA,英伟达,Stock,144108922,Strong,Short,31.9%,XGB:0.41|LGB:0.40|LR:0.35|N:288|Base:0.29,Doji (十字星),72.83,93.63,222.32,7.78,237.88,32.0,7114.0
2026-05-15,NVDA,英伟达,Stock,177323868,Strong,Short,31.7%,XGB:0.49|LGB:0.32|LR:0.30|N:287|Base:0.29,Doji (十字星),91.51,100.31,225.32,7.49,240.3,33.0,7435.0
2026-05-13,NVDA,英伟达,Stock,142422903,Strong,Short,35.6%,XGB:0.64|LGB:0.51|LR:0.37|N:285|Base:0.29,Doji (十字星),108.35,109.92,225.83,6.91,239.65,36.0,8129.0
2026-04-23,NVDA,英伟达,Stock,108937228,Strong,Short,25.0%,XGB:0.09|LGB:0.08|LR:0.27|N:295|Base:0.30,"Bearish Engulfing (看跌吞没), Doji (十字星)",82.84,106.14,199.64,4.98,209.6,50.0,9982.0
2026-04-22,NVDA,英伟达,Stock,106421485,Strong + Div,Short,29.5%,XGB:0.19|LGB:0.39|LR:0.27|N:294|Base:0.30,"Bearish Engulfing (看跌吞没), Doji (十字星)",98.08,113.87,202.5,4.85,212.2,51.0,10327.0
2026-04-21,NVDA,英伟达,Stock,107184703,Strong,Short,26.3%,XGB:0.13|LGB:0.14|LR:0.28|N:293|Base:0.30,Bearish Engulfing (看跌吞没),94.36,108.57,199.88,4.98,209.84,50.0,9994.0
2026-04-16,NVDA,英伟达,Stock,133187482,Strong,Short,27.0%,XGB:0.11|LGB:0.17|LR:0.31|N:290|Base:0.30,Doji (十字星),101.76,91.38,198.35,5.27,208.89,47.0,9322.0
2026-02-25,NVDA,英伟达,Stock,250637102,Strong,Short,30.5%,XGB:0.22|LGB:0.26|LR:0.49|N:318|Base:0.31,Doji (十字星),97.04,94.27,195.56,5.88,207.32,42.0,8213.0
2026-02-24,NVDA,英伟达,Stock,175123602,Strong,Short,32.7%,XGB:0.37|LGB:0.35|LR:0.39|N:317|Base:0.31,"Doji (十字星), Doji (十字星)",95.58,94.88,192.85,5.96,204.77,41.0,7906.0
2026-02-23,NVDA,英伟达,Stock,171584839,Strong + Div,Short,34.8%,XGB:0.39|LGB:0.50|LR:0.39|N:316|Base:0.31,Doji (十字星),84.93,90.57,191.55,5.93,203.41,42.0,8045.0
2026-02-02,NVDA,英伟达,Stock,165794054,Strong,Short,37.0%,XGB:0.59|LGB:0.35|LR:0.65|N:302|Base:0.32,"Doji (十字星), Doji (十字星), Doji (十字星), Doji (十字星), Shooting Star (射击之星)",64.87,82.11,185.61,5.26,196.13,47.0,8723.0
2026-01-30,NVDA,英伟达,Stock,179489463,Strong,Short,32.7%,XGB:0.38|LGB:0.30|LR:0.47|N:301|Base:0.31,"Doji (十字星), Doji (十字星), Doji (十字星)",99.33,94.21,191.13,5.18,201.49,48.0,9174.0
2026-01-29,NVDA,英伟达,Stock,171764375,Strong,Short,30.0%,XGB:0.20|LGB:0.28|LR:0.35|N:300|Base:0.31,Doji (十字星),110.32,101.28,192.51,5.19,202.89,48.0,9240.0
2026-01-28,NVDA,英伟达,Stock,148552677,Strong,Short,28.5%,XGB:0.12|LGB:0.25|LR:0.30|N:299|Base:0.31,Doji (十字星),106.79,97.98,191.52,5.02,201.56,49.0,9384.0
2026-01-27,NVDA,英伟达,Stock,143711557,Strong,Short,30.4%,XGB:0.21|LGB:0.27|LR:0.40|N:298|Base:0.32,"Doji (十字星), Doji (十字星), Doji (十字星)",94.9,87.98,188.52,5.11,198.74,48.0,9048.0
2026-01-26,NVDA,英伟达,Stock,124799649,Strong,Short,37.8%,XGB:0.57|LGB:0.56|LR:0.46|N:297|Base:0.32,"Doji (十字星), Doji (十字星)",82.01,81.14,186.47,5.17,196.81,48.0,8950.0
2026-01-23,NVDA,英伟达,Stock,142748076,Strong,Short,43.4%,XGB:0.25|LGB:0.16|LR:0.58|HMM:1,"Bearish Engulfing (看跌吞没), Doji (十字星)",77.75,79.45,187.67,5.24,198.15,47.0,8820.0
2026-06-02,PLTR,帕兰提尔,Stock,42489927,Strong,Short,40.7%,XGB:0.37|LGB:0.63|LR:0.68|N:298|Base:0.36,Doji (十字星),80.23,83.43,152.17,6.86,165.89,36.0,5478.0
2026-06-01,PLTR,帕兰提尔,Stock,56617353,Strong + Div,Short,37.1%,XGB:0.31|LGB:0.40|LR:0.63|N:297|Base:0.36,Doji (十字星),101.43,99.51,160.65,6.56,173.77,38.0,6104.0
2026-05-22,PLTR,帕兰提尔,Stock,27261935,Strong,Short,39.4%,XGB:0.51|LGB:0.57|LR:0.43|N:292|Base:0.35,Doji (十字星),100.36,32.49,136.88,5.5,147.88,45.0,6159.0
2026-01-14,PLTR,帕兰提尔,Stock,33651401,Strong + AI_Bear,Short,56.4%,XGB:0.20|LGB:0.33|LR:0.69|HMM:1,"Bearish Engulfing (看跌吞没), Doji (十字星), Doji (十字星)",66.67,58.58,178.4,7.07,192.54,35.0,6244.0
2026-07-02,TSLA,特斯拉,Stock,72014753,Strong,Short,33.1%,XGB:0.21|LGB:0.25|LR:0.52|N:319|Base:0.35,"Shooting Star (射击之星), Bearish Engulfing (看跌吞没)",69.87,16.14,393.45,19.61,432.67,12.0,4721.0
2026-05-29,TSLA,特斯拉,Stock,44967971,Strong,Short,44.7%,XGB:0.78|LGB:0.75|LR:0.50|N:296|Base:0.35,"Doji (十字星), Hanging Man (吊颈线)",94.41,98.36,435.79,14.97,465.73,16.0,6972.0
2026-05-28,TSLA,特斯拉,Stock,32191161,Strong,Short,39.9%,XGB:0.61|LGB:0.51|LR:0.47|N:295|Base:0.35,Doji (十字星),95.47,102.59,442.1,15.06,472.22,16.0,7073.0
2026-05-27,TSLA,特斯拉,Stock,44260767,Strong,Short,39.8%,XGB:0.50|LGB:0.62|LR:0.45|N:294|Base:0.35,Doji (十字星),76.06,101.42,440.36,15.62,471.6,16.0,7045.0
2026-05-15,TSLA,特斯拉,Stock,52085091,Strong,Short,38.2%,XGB:0.40|LGB:0.52|LR:0.55|N:287|Base:0.35,Doji (十字星),65.38,98.57,422.24,17.17,456.58,14.0,5911.0
2026-05-14,TSLA,特斯拉,Stock,45182287,Strong,Short,34.8%,XGB:0.31|LGB:0.32|LR:0.50|N:286|Base:0.35,Doji (十字星),91.33,112.67,443.3,16.85,477.0,14.0,6206.0
2026-05-06,TSLA,特斯拉,Stock,53403399,Strong,Short,40.5%,XGB:0.44|LGB:0.72|LR:0.48|N:280|Base:0.35,Bearish Engulfing (看跌吞没),96.34,90.15,398.73,14.42,427.57,17.0,6778.0
2026-05-05,TSLA,特斯拉,Stock,46147252,Strong,Short,35.6%,XGB:0.34|LGB:0.37|LR:0.44|N:279|Base:0.35,"Doji (十字星), Bearish Engulfing (看跌吞没)",80.37,80.95,389.37,14.18,417.73,17.0,6619.0
2026-05-04,TSLA,特斯拉,Stock,48463706,Strong + Div,Short,37.9%,XGB:0.33|LGB:0.49|LR:0.50|N:302|Base:0.36,Doji (十字星),84.01,84.04,392.51,14.26,421.03,17.0,6672.0
2026-01-26,TSLA,特斯拉,Stock,49397415,Strong,Short,34.9%,XGB:0.33|LGB:0.30|LR:0.55|N:297|Base:0.34,Doji (十字星),72.38,21.65,435.2,15.14,465.48,16.0,6963.0
2026-01-23,TSLA,特斯拉,Stock,56771364,Strong,Short,36.7%,XGB:0.50|LGB:0.41|LR:0.42|N:296|Base:0.34,Doji (十字星),91.2,43.18,449.06,15.17,479.4,16.0,7184.0
2026-01-13,TSLA,特斯拉,Stock,53719214,Strong,Short,31.8%,XGB:0.25|LGB:0.24|LR:0.35|N:289|Base:0.34,Doji (十字星),76.45,51.93,447.2,15.87,478.94,15.0,6708.0
2026-03-19,IWM,罗素2000指数ETF,Index ETF,58572670,Strong,Long,22.6%,XGB:0.05|LGB:0.09|LR:0.29|N:334|Base:0.27,Piercing Line (刺透形态),25.32,-5.02,247.63,5.57,236.49,44.0,10895.0
2026-03-17,IWM,罗素2000指数ETF,Index ETF,40245262,Strong,Long,25.1%,XGB:0.16|LGB:0.16|LR:0.34|N:332|Base:0.27,"Doji (十字星), Doji (十字星), Doji (十字星)",24.85,-2.53,250.05,5.51,239.03,45.0,11252.0
2026-03-16,IWM,罗素2000指数ETF,Index ETF,46739134,Strong,Long,24.7%,XGB:0.11|LGB:0.16|LR:0.35|N:331|Base:0.27,"Doji (十字星), Doji (十字星)",13.36,-5.76,248.92,5.72,237.48,43.0,10703.0
2026-03-13,IWM,罗素2000指数ETF,Index ETF,53403271,Strong + Div,Long,26.5%,XGB:0.15|LGB:0.26|LR:0.38|N:330|Base:0.28,"Bullish Engulfing (看涨吞没), Doji (十字星)",8.09,-5.14,246.59,5.78,235.03,43.0,10603.0
2026-03-12,IWM,罗素2000指数ETF,Index ETF,61523204,Strong + Div,Long,25.9%,XGB:0.22|LGB:0.11|LR:0.42|N:329|Base:0.28,"Bullish Engulfing (看涨吞没), Doji (十字星)",19.12,-2.8,247.41,5.84,235.73,42.0,10391.0
2026-03-11,IWM,罗素2000指数ETF,Index ETF,48718424,Strong,Long,28.5%,XGB:0.08|LGB:0.09|LR:0.45|N:328|Base:0.28,"Doji (十字星), Bullish Engulfing (看涨吞没), Doji (十字星), Doji (十字星)",37.12,12.76,252.85,5.8,241.25,43.0,10872.0
2026-03-10,IWM,罗素2000指数ETF,Index ETF,55691412,Strong,Long,26.9%,XGB:0.17|LGB:0.21|LR:0.47|N:327|Base:0.28,"Doji (十字星), Bullish Engulfing (看涨吞没), Doji (十字星)",31.06,14.22,253.36,5.96,241.44,41.0,10387.0
2026-03-09,IWM,罗素2000指数ETF,Index ETF,65138799,Strong,Long,30.8%,XGB:0.16|LGB:0.23|LR:0.50|N:326|Base:0.28,"Doji (十字星), Bullish Engulfing (看涨吞没)",22.51,14.96,253.62,6.01,241.6,41.0,10398.0
2026-03-06,IWM,罗素2000指数ETF,Index ETF,62809559,Strong,Long,32.6%,XGB:0.39|LGB:0.42|LR:0.56|N:325|Base:0.28,Doji (十字星),6.1,14.54,250.89,5.69,239.51,43.0,10788.0
2026-07-30,QQQ,纳斯达克100指数ETF,Index ETF,65000770,Strong,Long,39.0%,XGB:0.90|LGB:0.88|LR:0.57|N:338|Base:0.26,Doji (十字星),27.62,-1.46,683.55,15.26,653.03,16.0,10936.0
2026-07-28,QQQ,纳斯达克100指数ETF,Index ETF,49675490,Strong + Div,Long,39.5%,XGB:0.93|LGB:0.95|LR:0.57|N:336|Base:0.26,Doji (十字星),5.81,-14.05,675.49,14.31,646.87,17.0,11483.0
2026-07-23,QQQ,纳斯达克100指数ETF,Index ETF,43390455,Strong + Div,Long,23.0%,XGB:0.10|LGB:0.09|LR:0.39|N:333|Base:0.26,"Doji (十字星), Doji (十字星)",22.86,-4.47,691.96,14.47,663.02,17.0,11763.0
2026-07-20,QQQ,纳斯达克100指数ETF,Index ETF,28995795,Strong,Long,27.0%,XGB:0.08|LGB:0.07|LR:0.43|N:330|Base:0.26,Doji (十字星),15.99,0.66,696.06,14.93,666.2,16.0,11136.0
2026-07-17,QQQ,纳斯达克100指数ETF,Index ETF,53690868,Strong,Long,24.8%,XGB:0.14|LGB:0.19|LR:0.39|N:329|Base:0.26,Doji (十字星),19.69,15.95,695.33,15.28,664.77,16.0,11125.0
2026-03-25,QQQ,纳斯达克100指数ETF,Index ETF,58868432,Strong,Long,23.9%,XGB:0.04|LGB:0.03|LR:0.34|N:338|Base:0.25,"Doji (十字星), Doji (十字星), Doji (十字星), Doji (十字星)",24.96,-0.9,587.82,10.0,567.82,25.0,14695.0
2026-03-24,QQQ,纳斯达克100指数ETF,Index ETF,50831532,Strong,Long,26.9%,XGB:0.26|LGB:0.32|LR:0.41|N:337|Base:0.25,Doji (十字星),13.52,-6.04,583.98,10.2,563.58,24.0,14015.0
2026-03-23,QQQ,纳斯达克100指数ETF,Index ETF,85760937,Strong,Long,22.4%,XGB:0.09|LGB:0.12|LR:0.39|N:336|Base:0.25,"Doji (十字星), Doji (十字星)",13.94,-0.66,588.0,10.52,566.96,23.0,13524.0
2026-02-17,QQQ,纳斯达克100指数ETF,Index ETF,69013763,Strong,Long,32.4%,XGB:0.39|LGB:0.46|LR:0.62|N:312|Base:0.27,"Doji (十字星), Doji (十字星)",24.45,4.05,601.3,10.41,580.48,24.0,14431.0
2026-02-13,QQQ,纳斯达克100指数ETF,Index ETF,69237547,Strong,Long,33.5%,XGB:0.41|LGB:0.23|LR:0.62|N:311|Base:0.27,Doji (十字星),17.96,14.93,601.92,10.4,581.12,24.0,14446.0
2026-02-05,QQQ,纳斯达克100指数ETF,Index ETF,89354492,Strong,Long,37.4%,XGB:0.37|LGB:0.54|LR:0.76|N:305|Base:0.27,Doji (十字星),-8.13,18.74,597.03,9.89,577.25,25.0,14925.0
2026-07-14,SOXL,半导体3倍做多ETF,Index ETF,48162818,Strong,Long,45.1%,XGB:0.63|LGB:0.46|LR:0.53|N:324|Base:0.41,Bullish Engulfing (看涨吞没),22.57,11.66,176.66,35.13,106.4,7.0,1236.0
2026-07-13,SOXL,半导体3倍做多ETF,Index ETF,51153188,Strong,Long,46.1%,XGB:0.60|LGB:0.61|LR:0.50|N:323|Base:0.41,"Doji (十字星), Bullish Engulfing (看涨吞没)",17.36,6.4,165.37,36.06,93.25,6.0,992.0
2026-07-08,SOXL,半导体3倍做多ETF,Index ETF,61615014,Strong,Long,46.9%,XGB:0.68|LGB:0.59|LR:0.51|N:320|Base:0.41,"Doji (十字星), Bullish Engulfing (看涨吞没)",9.1,14.89,174.82,38.43,97.96,6.0,1048.0
2026-07-07,SOXL,半导体3倍做多ETF,Index ETF,77527797,Strong,Long,49.1%,XGB:0.70|LGB:0.69|LR:0.65|N:319|Base:0.41,Doji (十字星),5.24,10.45,165.28,40.01,85.26,6.0,991.0
2026-03-10,SOXL,半导体3倍做多ETF,Index ETF,103643453,Strong,Long,39.7%,XGB:0.48|LGB:0.37|LR:0.58|N:327|Base:0.37,"Hammer (锤子线), Bullish Engulfing (看涨吞没)",27.07,16.66,54.59,6.14,42.31,40.0,2183.0
2026-03-09,SOXL,半导体3倍做多ETF,Index ETF,113362337,Strong,Long,35.8%,XGB:0.08|LGB:0.11|LR:0.48|N:326|Base:0.37,"Hammer (锤子线), Bullish Engulfing (看涨吞没)",11.95,13.11,53.32,6.27,40.78,39.0,2079.0
2026-03-24,SPY,标普500指数ETF,Index ETF,95310078,Strong,Long,23.5%,XGB:0.08|LGB:0.05|LR:0.76|N:337|Base:0.13,Doji (十字星),25.22,-7.26,653.18,9.71,633.76,25.0,16329.0
2026-03-23,SPY,标普500指数ETF,Index ETF,125203779,Strong,Long,23.6%,XGB:0.11|LGB:0.15|LR:0.72|N:336|Base:0.13,"Doji (十字星), Doji (十字星)",18.56,-4.04,655.38,9.9,635.58,25.0,16384.0
2026-03-19,SPY,标普500指数ETF,Index ETF,110067392,Strong + Div,Long,25.3%,XGB:0.17|LGB:0.17|LR:0.79|N:334|Base:0.13,Doji (十字星),6.62,-12.15,659.8,9.16,641.48,27.0,17814.0
2026-03-12,SPY,标普500指数ETF,Index ETF,107906562,Strong + Div,Long,24.0%,XGB:0.24|LGB:0.67|LR:0.67|N:329|Base:0.13,"Bullish Engulfing (看涨吞没), Doji (十字星)",21.75,-5.45,666.06,9.41,647.24,26.0,17317.0
2026-06-29,AAPL,苹果,Stock,63825743,Strong,Long,36.3%,XGB:0.46|LGB:0.39|LR:0.30|N:316|Base:0.35,Piercing Line (刺透形态),24.6,11.85,281.74,8.18,265.38,30.0,8452.0
2026-03-23,AAPL,苹果,Stock,37465587,Strong,Long,38.1%,XGB:0.28|LGB:0.29|LR:0.64|N:336|Base:0.33,"Doji (十字星), Doji (十字星)",24.94,6.25,251.49,5.59,240.31,44.0,11065.0
2026-03-20,AAPL,苹果,Stock,87981315,Strong + Div,Long,39.3%,XGB:0.50|LGB:0.51|LR:0.65|N:335|Base:0.33,"Doji (十字星), Doji (十字星)",7.59,9.96,247.99,5.51,236.97,45.0,11159.0
2026-03-19,AAPL,苹果,Stock,34568663,Strong + Div,Long,38.3%,XGB:0.31|LGB:0.31|LR:0.62|N:334|Base:0.34,Doji (十字星),8.11,11.97,248.96,5.69,237.58,43.0,10705.0
2026-03-18,AAPL,苹果,Stock,34652568,Strong + Div,Long,35.1%,XGB:0.31|LGB:0.35|LR:0.61|N:333|Base:0.34,Doji (十字星),11.99,14.01,249.94,5.78,238.38,43.0,10747.0
2026-03-16,AAPL,苹果,Stock,30091880,Strong,Long,40.5%,XGB:0.56|LGB:0.57|LR:0.57|N:331|Base:0.34,Doji (十字星),9.86,19.98,252.82,5.98,240.86,41.0,10365.0
2026-03-10,AAPL,苹果,Stock,26403306,Strong,Long,37.4%,XGB:0.26|LGB:0.24|LR:0.58|N:327|Base:0.34,"Doji (十字星), Doji (十字星), Bullish Engulfing (看涨吞没)",21.42,47.27,260.83,6.31,248.21,39.0,10172.0
2026-02-23,AAPL,苹果,Stock,37308155,Strong,Long,37.0%,XGB:0.16|LGB:0.19|LR:0.59|N:316|Base:0.35,"Doji (十字星), Bullish Engulfing (看涨吞没)",32.61,64.68,266.18,6.48,253.22,38.0,10114.0
2026-02-20,AAPL,苹果,Stock,42070499,Strong,Long,36.0%,XGB:0.11|LGB:0.13|LR:0.58|N:315|Base:0.35,"Doji (十字星), Bullish Engulfing (看涨吞没)",20.28,57.71,264.58,6.51,251.56,38.0,10054.0
2026-02-18,AAPL,苹果,Stock,34203337,Strong,Long,35.4%,XGB:0.09|LGB:0.14|LR:0.54|N:313|Base:0.35,Doji (十字星),12.83,57.23,264.35,6.66,251.03,37.0,9780.0
2026-01-23,AAPL,苹果,Stock,41688982,Strong,Long,32.9%,XGB:0.30|LGB:0.34|LR:0.24|N:296|Base:0.34,"Doji (十字星), Doji (十字星)",27.32,-14.24,248.04,4.87,238.3,51.0,12650.0
2026-01-22,AAPL,苹果,Stock,39708340,Strong,Long,34.6%,XGB:0.36|LGB:0.40|LR:0.30|N:295|Base:0.34,"Doji (十字星), Doji (十字星)",25.38,-13.71,248.35,4.88,238.59,51.0,12665.0
2026-01-21,AAPL,苹果,Stock,54641725,Strong,Long,34.5%,XGB:0.42|LGB:0.32|LR:0.30|N:294|Base:0.34,Doji (十字星),18.42,-14.91,247.65,5.0,237.65,50.0,12382.0
2026-01-15,AAPL,苹果,Stock,39388564,Strong + Div,Long,33.5%,XGB:0.08|LGB:0.14|LR:0.44|N:291|Base:0.34,"Doji (十字星), Doji (十字星), Doji (十字星)",15.94,-12.25,258.21,4.37,249.47,57.0,14717.0
2026-01-14,AAPL,苹果,Stock,40019421,Strong,Long,31.2%,XGB:0.15|LGB:0.18|LR:0.46|N:290|Base:0.34,"Doji (十字星), Doji (十字星), Doji (十字星), Doji (十字星)",18.47,-8.11,259.96,4.4,251.16,56.0,14557.0
2026-01-13,AAPL,苹果,Stock,45730847,Strong,Long,34.9%,XGB:0.16|LGB:0.15|LR:0.49|N:289|Base:0.35,"Doji (十字星), Doji (十字星), Doji (十字星)",18.46,-5.54,261.05,4.34,252.37,57.0,14879.0
2026-01-12,AAPL,苹果,Stock,45263767,Strong,Long,34.9%,XGB:0.21|LGB:0.14|LR:0.48|N:288|Base:0.35,"Doji (十字星), Doji (十字星), Doji (十字星)",11.25,-7.43,260.25,4.41,251.43,56.0,14574.0
2026-01-09,AAPL,苹果,Stock,39996967,Strong,Long,34.3%,XGB:0.17|LGB:0.10|LR:0.46|N:287|Base:0.35,"Doji (十字星), Doji (十字星)",3.68,-3.13,259.37,4.41,250.55,56.0,14524.0
2026-01-08,AAPL,苹果,Stock,50419337,Strong + Div,Long,31.2%,XGB:0.18|LGB:0.12|LR:0.42|N:286|Base:0.35,Doji (十字星),-3.17,-3.91,259.04,4.44,250.16,56.0,14506.0
2026-07-09,AMD,超威半导体,Stock,26670194,Strong,Long,38.3%,XGB:0.33|LGB:0.27|LR:0.52|N:323|Base:0.40,Doji (十字星),39.32,76.5,546.72,37.45,471.82,6.0,3280.0
2026-03-31,AMD,超威半导体,Stock,41370319,Strong,Long,40.1%,XGB:0.51|LGB:0.51|LR:0.58|N:279|Base:0.36,Doji (十字星),19.33,17.86,203.43,9.99,183.45,25.0,5085.0
2026-03-09,AMD,超威半导体,Stock,38678483,Strong,Long,36.4%,XGB:0.38|LGB:0.35|LR:0.50|N:326|Base:0.35,"Doji (十字星), Inverted Hammer (倒锤子线), Inverted Hammer (倒锤子线), Bullish Engulfing (看涨吞没)",39.97,3.26,202.68,10.91,180.86,22.0,4458.0
2026-03-06,AMD,超威半导体,Stock,33121910,Strong,Long,35.8%,XGB:0.38|LGB:0.30|LR:0.49|N:325|Base:0.35,"Doji (十字星), Inverted Hammer (倒锤子线)",20.26,-4.78,192.43,10.68,171.07,23.0,4425.0
2026-03-05,AMD,超威半导体,Stock,34772443,Strong,Long,39.0%,XGB:0.47|LGB:0.49|LR:0.45|N:324|Base:0.35,"Doji (十字星), Doji (十字星), Inverted Hammer (倒锤子线)",37.54,2.16,199.45,10.81,177.83,23.0,4587.0
2026-03-04,AMD,超威半导体,Stock,40110276,Strong,Long,43.7%,XGB:0.59|LGB:0.74|LR:0.53|N:323|Base:0.36,"Doji (十字星), Doji (十字星)",33.77,4.75,202.07,10.95,180.17,22.0,4445.0
2026-03-03,AMD,超威半导体,Stock,36191094,Strong + Div,Long,38.3%,XGB:0.44|LGB:0.44|LR:0.53|N:322|Base:0.35,Doji (十字星),12.89,-6.24,190.95,10.83,169.29,23.0,4391.0
2026-02-23,AMD,超威半导体,Stock,28187909,Strong + Div,Long,37.5%,XGB:0.23|LGB:0.20|LR:0.55|N:316|Base:0.36,"Doji (十字星), Doji (十字星)",11.7,-1.22,196.6,11.19,174.22,22.0,4325.0
2026-02-19,AMD,超威半导体,Stock,25842274,Strong,Long,38.2%,XGB:0.20|LGB:0.26|LR:0.58|N:314|Base:0.36,Doji (十字星),36.19,12.1,203.37,12.0,179.37,20.0,4067.0
2026-02-17,AMD,超威半导体,Stock,33712081,Strong,Long,37.3%,XGB:0.31|LGB:0.39|LR:0.59|N:312|Base:0.36,Doji (十字星),38.26,11.8,203.08,12.8,177.48,19.0,3858.0
2026-02-02,AMD,超威半导体,Stock,36308106,Strong,Long,40.4%,XGB:0.47|LGB:0.44|LR:0.64|N:302|Base:0.37,"Hammer (锤子线), Doji (十字星), Bullish Engulfing (看涨吞没)",24.53,78.09,246.27,11.5,223.27,21.0,5171.0
2026-01-12,AMD,超威半导体,Stock,27287274,Strong,Long,41.8%,XGB:0.54|LGB:0.63|LR:0.50|N:288|Base:0.36,Bullish Engulfing (看涨吞没),-2.31,13.75,207.69,8.62,190.45,29.0,6023.0
2026-07-30,AMZN,亚马逊,Stock,78755052,Strong,Long,38.9%,XGB:0.31|LGB:0.21|LR:0.69|N:338|Base:0.33,Inverted Hammer (倒锤子线),15.02,15.71,235.5,7.31,220.88,34.0,8007.0
2026-06-26,AMZN,亚马逊,Stock,241155673,Strong,Long,34.6%,XGB:0.39|LGB:0.36|LR:0.45|N:315|Base:0.33,Doji (十字星),17.46,-3.23,232.69,7.84,217.01,31.0,7213.0
2026-06-24,AMZN,亚马逊,Stock,62415490,Strong,Long,42.8%,XGB:0.72|LGB:0.65|LR:0.63|N:313|Base:0.33,"Doji (十字星), Doji (十字星)",8.38,-9.9,234.27,7.86,218.55,31.0,7262.0
2026-06-23,AMZN,亚马逊,Stock,56989747,Strong,Long,42.3%,XGB:0.59|LGB:0.73|LR:0.70|N:312|Base:0.33,Doji (十字星),12.83,-10.17,234.11,7.73,218.65,32.0,7491.0
2026-03-30,AMZN,亚马逊,Stock,42710345,Strong,Long,38.0%,XGB:0.56|LGB:0.59|LR:0.58|N:278|Base:0.31,Doji (十字星),3.47,1.61,200.95,5.7,189.55,43.0,8640.0
2026-03-24,AMZN,亚马逊,Stock,34266291,Strong,Long,40.6%,XGB:0.60|LGB:0.60|LR:0.56|N:337|Base:0.33,Doji (十字星),22.07,15.12,207.24,5.56,196.12,44.0,9118.0
2026-03-16,AMZN,亚马逊,Stock,42137043,Strong,Long,33.3%,XGB:0.30|LGB:0.31|LR:0.53|N:331|Base:0.33,Doji (十字星),24.18,23.25,211.74,5.92,199.9,42.0,8893.0
2026-02-18,AMZN,亚马逊,Stock,51003299,Strong,Long,33.1%,XGB:0.24|LGB:0.46|LR:0.28|N:313|Base:0.33,"Doji (十字星), Bullish Engulfing (看涨吞没)",18.27,2.7,204.79,7.06,190.67,35.0,7167.0
2026-02-17,AMZN,亚马逊,Stock,69879200,Strong,Long,32.9%,XGB:0.22|LGB:0.50|LR:0.22|N:312|Base:0.33,"Doji (十字星), Bullish Engulfing (看涨吞没)",0.46,-2.65,201.15,7.16,186.83,34.0,6839.0
2026-02-13,AMZN,亚马逊,Stock,66321593,Strong,Long,35.2%,XGB:0.52|LGB:0.68|LR:0.29|N:311|Base:0.33,Doji (十字星),-7.01,6.78,198.79,7.27,184.25,34.0,6758.0
2026-02-11,AMZN,亚马逊,Stock,65545455,Strong,Long,35.4%,XGB:0.48|LGB:0.37|LR:0.38|N:309|Base:0.33,Doji (十字星),-2.08,10.53,204.08,7.61,188.86,32.0,6530.0
2026-02-10,AMZN,亚马逊,Stock,67175031,Strong + Div,Long,39.6%,XGB:0.68|LGB:0.53|LR:0.41|N:308|Base:0.33,"Doji (十字星), Inverted Hammer (倒锤子线)",1.53,15.14,206.96,7.73,191.5,32.0,6622.0
2026-02-09,AMZN,亚马逊,Stock,91178443,Strong + Div,Long,37.9%,XGB:0.64|LGB:0.38|LR:0.45|N:307|Base:0.33,Doji (十字星),1.94,17.95,208.72,7.84,193.04,31.0,6470.0
2026-07-20,AVGO,,Stock,14214613,Strong,Long,35.2%,XGB:0.25|LGB:0.23|LR:0.45|N:330|Base:0.38,Doji (十字星),28.84,2.26,378.16,17.02,344.12,14.0,5294.0
2026-07-06,AVGO,,Stock,22543419,Strong,Long,39.2%,XGB:0.37|LGB:0.44|LR:0.49|N:320|Base:0.38,"Doji (十字星), Doji (十字星), Doji (十字星), Doji (十字星)",36.08,-12.51,373.9,18.2,337.5,13.0,4860.0
2026-07-01,AVGO,,Stock,23621758,Strong,Long,42.7%,XGB:0.60|LGB:0.49|LR:0.56|N:318|Base:0.38,"Doji (十字星), Doji (十字星)",16.09,-16.22,369.34,17.87,333.6,13.0,4801.0
2026-06-30,AVGO,,Stock,26920879,Strong,Long,47.9%,XGB:0.74|LGB:0.77|LR:0.60|N:317|Base:0.38,"Doji (十字星), Doji (十字星)",21.32,-11.36,377.75,18.5,340.75,13.0,4910.0
2026-06-29,AVGO,,Stock,23534575,Strong,Long,47.4%,XGB:0.71|LGB:0.72|LR:0.66|N:316|Base:0.38,Doji (十字星),8.55,-14.43,372.45,19.24,333.97,12.0,4469.0
2026-06-15,AVGO,,Stock,25453353,Strong,Long,45.0%,XGB:0.66|LGB:0.54|LR:0.69|N:307|Base:0.38,Doji (十字星),5.75,1.51,393.94,21.23,351.48,11.0,4333.0
2026-03-25,AVGO,,Stock,19852634,Strong,Long,39.3%,XGB:0.40|LGB:0.47|LR:0.50|N:338|Base:0.37,"Piercing Line (刺透形态), Doji (十字星)",31.53,38.12,318.81,12.86,293.09,19.0,6057.0
2026-03-24,AVGO,,Stock,19731270,Strong,Long,39.5%,XGB:0.43|LGB:0.43|LR:0.53|N:337|Base:0.37,"Piercing Line (刺透形态), Doji (十字星)",24.8,37.42,318.29,13.27,291.75,18.0,5729.0
2026-03-23,AVGO,,Stock,27165250,Strong,Long,40.8%,XGB:0.46|LGB:0.48|LR:0.59|N:336|Base:0.37,Piercing Line (刺透形态),17.1,43.1,322.51,13.56,295.39,18.0,5805.0
2026-01-27,AVGO,,Stock,25537600,Strong,Long,43.7%,XGB:0.57|LGB:0.53|LR:0.54|N:298|Base:0.40,Doji (十字星),32.38,6.49,332.79,12.93,306.93,19.0,6323.0
2026-01-26,AVGO,,Stock,25006400,Strong,Long,41.4%,XGB:0.46|LGB:0.52|LR:0.44|N:297|Base:0.39,Doji (十字星),8.26,0.34,324.85,13.17,298.51,18.0,5847.0
2026-01-23,AVGO,,Stock,30259500,Strong + Div,Long,34.7%,XGB:0.16|LGB:0.23|LR:0.35|N:296|Base:0.39,Doji (十字星),-2.64,3.97,320.05,13.33,293.39,18.0,5760.0
2026-08-05,COIN,Coinbase,Stock,6240113,Strong,Long,29.5%,XGB:0.21|LGB:0.32|LR:0.39|N:342|Base:0.30,"Inverted Hammer (倒锤子线), Doji (十字星)",31.3,22.22,149.89,10.18,129.53,24.0,3597.0
2026-08-04,COIN,Coinbase,Stock,7057350,Strong,Long,33.9%,XGB:0.42|LGB:0.47|LR:0.41|N:341|Base:0.30,Inverted Hammer (倒锤子线),26.45,23.76,150.73,10.48,129.77,23.0,3466.0
2026-08-03,COIN,Coinbase,Stock,9000773,Strong,Long,27.6%,XGB:0.27|LGB:0.13|LR:0.36|N:340|Base:0.29,Inverted Hammer (倒锤子线),13.63,15.99,146.5,10.72,125.06,23.0,3369.0
2026-07-20,COIN,Coinbase,Stock,5193164,Strong,Long,31.6%,XGB:0.31|LGB:0.32|LR:0.55|N:330|Base:0.30,Hammer (锤子线),37.08,36.15,160.43,9.51,141.41,26.0,4171.0
2026-06-30,COIN,Coinbase,Stock,8536743,Strong,Long,24.5%,XGB:0.09|LGB:0.07|LR:0.31|N:317|Base:0.29,"Piercing Line (刺透形态), Doji (十字星), Hammer (锤子线)",15.53,-2.65,146.19,10.61,124.97,23.0,3362.0
2026-06-29,COIN,Coinbase,Stock,6836616,Strong,Long,26.3%,XGB:0.14|LGB:0.18|LR:0.32|N:316|Base:0.29,"Piercing Line (刺透形态), Doji (十字星)",19.56,2.46,151.65,10.71,130.23,23.0,3487.0
2026-06-26,COIN,Coinbase,Stock,10430109,Strong,Long,27.8%,XGB:0.23|LGB:0.23|LR:0.29|N:315|Base:0.29,Piercing Line (刺透形态),6.48,0.83,149.06,11.0,127.06,22.0,3279.0
2026-06-12,COIN,Coinbase,Stock,6475902,Strong,Long,32.9%,XGB:0.40|LGB:0.42|LR:0.46|N:306|Base:0.29,"Doji (十字星), Doji (十字星)",37.86,4.11,159.78,11.61,136.56,21.0,3355.0
2026-06-11,COIN,Coinbase,Stock,6879536,Strong,Long,39.5%,XGB:0.72|LGB:0.67|LR:0.51|N:305|Base:0.30,Doji (十字星),26.52,4.79,160.43,11.73,136.97,21.0,3369.0
2026-06-10,COIN,Coinbase,Stock,6298618,Strong,Long,33.9%,XGB:0.46|LGB:0.44|LR:0.52|N:304|Base:0.29,Doji (十字星),13.75,-1.96,153.97,11.92,130.13,20.0,3079.0
2026-06-08,COIN,Coinbase,Stock,8817744,Strong,Long,33.5%,XGB:0.31|LGB:0.56|LR:0.46|N:302|Base:0.29,Doji (十字星),19.82,6.54,162.11,11.87,138.37,21.0,3404.0
2026-06-04,COIN,Coinbase,Stock,8312755,Strong,Long,28.0%,XGB:0.19|LGB:0.19|LR:0.45|N:300|Base:0.29,Doji (十字星),2.19,10.53,164.13,11.53,141.07,21.0,3446.0
2026-04-06,COIN,Coinbase,Stock,7114926,Strong,Long,40.3%,XGB:0.78|LGB:0.71|LR:0.53|N:282|Base:0.30,Doji (十字星),38.36,51.48,174.79,11.36,152.07,22.0,3845.0
2026-01-26,COIN,Coinbase,Stock,7077472,Strong + Div,Long,32.3%,XGB:0.25|LGB:0.43|LR:0.38|N:297|Base:0.31,Doji (十字星),-9.4,1.54,213.48,10.91,191.66,22.0,4696.0
2026-01-22,COIN,Coinbase,Stock,7088821,Strong,Long,33.8%,XGB:0.39|LGB:0.42|LR:0.38|N:295|Base:0.32,Doji (十字星),-11.76,6.06,223.14,11.58,199.98,21.0,4685.0
2026-01-21,COIN,Coinbase,Stock,8476486,Strong,Long,37.5%,XGB:0.50|LGB:0.64|LR:0.41|N:294|Base:0.32,Doji (十字星),-5.18,10.79,226.93,11.88,203.17,21.0,4765.0
2026-01-16,COIN,Coinbase,Stock,7622434,Strong,Long,39.9%,XGB:0.62|LGB:0.64|LR:0.59|N:292|Base:0.32,Doji (十字星),16.13,19.58,241.15,11.86,217.43,21.0,5064.0
2026-01-02,COIN,Coinbase,Stock,8760200,Strong,Long,30.1%,XGB:0.18|LGB:0.24|LR:0.46|N:282|Base:0.32,Doji (十字星),25.05,1.62,236.53,11.83,212.87,21.0,4967.0
2026-08-03,CRCL,,Stock,15819689,Strong,Long,40.0%,XGB:0.83|LGB:0.73|LR:0.66|N:253|Base:0.29,Doji (十字星),18.75,4.4,60.35,5.33,49.69,46.0,2776.0
2026-07-30,CRCL,,Stock,7082122,Strong,Long,35.2%,XGB:0.59|LGB:0.58|LR:0.41|N:251|Base:0.29,Hammer (锤子线),28.06,3.96,64.24,5.36,53.52,46.0,2955.0
2026-07-14,CRCL,,Stock,15690693,Strong,Long,29.4%,XGB:0.31|LGB:0.25|LR:0.50|N:239|Base:0.28,Doji (十字星),25.88,-3.33,63.22,6.48,50.26,38.0,2402.0
2026-07-13,CRCL,,Stock,12697861,Strong,Long,34.6%,XGB:0.50|LGB:0.54|LR:0.66|N:238|Base:0.29,Doji (十字星),16.63,-6.65,63.0,6.65,49.7,37.0,2331.0
2026-07-10,CRCL,,Stock,35158305,Strong,Long,29.1%,XGB:0.21|LGB:0.31|LR:0.47|N:237|Base:0.29,Doji (十字星),25.02,-6.57,66.14,6.87,52.4,36.0,2381.0
2026-07-09,CRCL,,Stock,9260733,Strong,Long,31.2%,XGB:0.39|LGB:0.36|LR:0.55|N:236|Base:0.28,Doji (十字星),11.5,-9.68,63.01,6.64,49.73,37.0,2331.0
2026-07-08,CRCL,,Stock,8463876,Strong,Long,32.2%,XGB:0.34|LGB:0.49|LR:0.59|N:235|Base:0.29,Inverted Hammer (倒锤子线),18.38,-8.76,64.07,6.92,50.23,36.0,2306.0
2026-07-07,CRCL,,Stock,8367618,Strong,Long,34.6%,XGB:0.37|LGB:0.32|LR:0.69|N:234|Base:0.29,Inverted Hammer (倒锤子线),21.76,-7.68,65.15,7.2,50.75,34.0,2215.0
2026-07-06,CRCL,,Stock,11595766,Strong,Long,30.1%,XGB:0.11|LGB:0.13|LR:0.50|N:233|Base:0.29,Inverted Hammer (倒锤子线),21.03,-4.2,68.65,7.41,53.83,33.0,2265.0
2026-07-02,CRCL,,Stock,17643362,Strong,Long,31.4%,XGB:0.11|LGB:0.10|LR:0.60|N:232|Base:0.29,Inverted Hammer (倒锤子线),5.22,-9.24,64.62,7.43,49.76,33.0,2132.0
2026-06-26,CRCL,,Stock,14350266,Strong,Long,28.0%,XGB:0.15|LGB:0.25|LR:0.49|N:228|Base:0.29,Bullish Engulfing (看涨吞没),23.66,-8.35,73.57,7.5,58.57,33.0,2427.0
2026-06-23,CRCL,,Stock,8805817,Strong + Div,Long,35.4%,XGB:0.57|LGB:0.55|LR:0.70|N:226|Base:0.29,Doji (十字星),18.72,-13.82,75.68,7.48,60.72,33.0,2497.0
2026-06-22,CRCL,,Stock,9557982,Strong,Long,32.0%,XGB:0.17|LGB:0.18|LR:0.61|N:225|Base:0.29,"Inverted Hammer (倒锤子线), Doji (十字星), Inverted Hammer (倒锤子线)",35.5,-11.18,79.95,7.66,64.63,32.0,2558.0
2026-06-18,CRCL,,Stock,14705639,Strong,Long,32.3%,XGB:0.20|LGB:0.19|LR:0.61|N:224|Base:0.29,"Inverted Hammer (倒锤子线), Doji (十字星)",33.87,-10.75,80.23,7.8,64.63,32.0,2567.0
2026-06-17,CRCL,,Stock,9006131,Strong,Long,30.3%,XGB:0.28|LGB:0.30|LR:0.57|N:223|Base:0.29,Inverted Hammer (倒锤子线),25.09,-11.19,80.59,8.05,64.49,31.0,2498.0
2026-06-15,CRCL,,Stock,15341124,Strong,Long,31.5%,XGB:0.39|LGB:0.35|LR:0.46|N:221|Base:0.29,"Doji (十字星), Doji (十字星)",13.05,-7.72,83.37,8.41,66.55,29.0,2417.0
2026-06-11,CRCL,,Stock,8712284,Strong,Long,32.1%,XGB:0.37|LGB:0.45|LR:0.49|N:219|Base:0.29,Doji (十字星),4.33,-0.87,82.63,8.59,65.45,29.0,2396.0
2026-06-10,CRCL,,Stock,8279526,Strong + Div,Long,32.0%,XGB:0.36|LGB:0.43|LR:0.59|N:218|Base:0.29,Doji (十字星),-2.4,-5.51,78.93,8.84,61.25,28.0,2210.0
2026-06-09,CRCL,,Stock,13245062,Strong,Long,33.5%,XGB:0.39|LGB:0.57|LR:0.59|N:217|Base:0.29,Doji (十字星),1.46,-2.79,81.1,9.1,62.9,27.0,2189.0
2026-06-04,CRCL,,Stock,12120114,Strong + Div,Long,38.3%,XGB:0.80|LGB:0.69|LR:0.68|N:214|Base:0.29,Doji (十字星),8.99,19.37,90.54,9.26,72.02,26.0,2354.0
2026-01-29,CRCL,,Stock,16968100,Strong + Div,Long,34.4%,XGB:0.35|LGB:0.65|LR:0.57|N:130|Base:0.32,Doji (十字星),17.16,12.62,67.55,4.98,57.59,50.0,3377.0
2026-01-27,CRCL,,Stock,10213400,Strong + Div,Long,31.6%,XGB:0.24|LGB:0.40|LR:0.42|N:128|Base:0.31,"Doji (十字星), Doji (十字星)",3.04,15.18,69.96,4.64,60.68,53.0,3707.0
2026-01-26,CRCL,,Stock,7238000,Strong + Div,Long,32.3%,XGB:0.16|LGB:0.17|LR:0.51|N:127|Base:0.31,"Doji (十字星), Doji (十字星)",-2.68,10.95,70.9,4.74,61.42,52.0,3686.0
2026-01-02,CRCL,,Stock,8382500,Strong,Long,34.0%,XGB:0.26|LGB:0.43|LR:0.33|N:112|Base:0.34,"Inverted Hammer (倒锤子线), Doji (十字星)",15.44,28.63,83.47,5.49,72.49,45.0,3756.0
2025-12-31,CRCL,,Stock,5754044,Strong,Long,31.5%,XGB:0.02|LGB:0.06|LR:0.39|N:111|Base:0.32,Inverted Hammer (倒锤子线),-7.22,23.3,79.3,5.51,68.28,45.0,3568.0
2026-07-08,CRWV,,Stock,23368987,Strong,Long,39.9%,XGB:0.65|LGB:0.66|LR:0.51|N:286|Base:0.32,"Doji (十字星), Bullish Engulfing (看涨吞没)",28.82,1.5,90.0,8.36,73.28,29.0,2610.0
2026-07-07,CRWV,,Stock,22772276,Strong,Long,37.2%,XGB:0.50|LGB:0.58|LR:0.48|N:285|Base:0.32,Doji (十字星),7.88,-8.06,83.53,8.44,66.65,29.0,2422.0
2026-06-30,CRWV,,Stock,17948226,Strong,Long,33.4%,XGB:0.37|LGB:0.33|LR:0.52|N:281|Base:0.32,Bullish Engulfing (看涨吞没),13.92,9.35,99.54,8.41,82.72,29.0,2886.0
2026-06-15,CRWV,,Stock,21764134,Strong,Long,37.7%,XGB:0.53|LGB:0.53|LR:0.58|N:271|Base:0.32,"Doji (十字星), Inverted Hammer (倒锤子线)",36.88,19.44,106.71,8.7,89.31,28.0,2987.0
2026-06-12,CRWV,,Stock,35926473,Strong,Long,33.5%,XGB:0.40|LGB:0.27|LR:0.58|N:270|Base:0.32,"Doji (十字星), Doji (十字星), Inverted Hammer (倒锤子线)",8.34,18.34,100.55,8.74,83.07,28.0,2815.0
2026-06-11,CRWV,,Stock,21941606,Strong,Long,32.8%,XGB:0.28|LGB:0.36|LR:0.54|N:269|Base:0.32,Doji (十字星),-3.98,10.42,95.74,8.66,78.42,28.0,2680.0
2026-06-10,CRWV,,Stock,16847472,Strong,Long,31.2%,XGB:0.21|LGB:0.27|LR:0.52|N:268|Base:0.32,Doji (十字星),-7.35,6.11,95.61,8.9,77.81,28.0,2677.0
2026-06-09,CRWV,,Stock,24193797,Strong,Long,32.8%,XGB:0.25|LGB:0.37|LR:0.54|N:267|Base:0.32,Doji (十字星),-0.77,11.06,98.45,9.17,80.11,27.0,2658.0
2026-06-08,CRWV,,Stock,23333216,Strong,Long,41.6%,XGB:0.82|LGB:0.67|LR:0.56|N:266|Base:0.32,Doji (十字星),4.47,16.16,102.37,8.97,84.43,27.0,2763.0
2026-04-29,CRWV,,Stock,24671697,Strong,Long,39.2%,XGB:0.69|LGB:0.62|LR:0.58|N:239|Base:0.32,"Hammer (锤子线), Inverted Hammer (倒锤子线)",21.23,97.42,114.19,8.27,97.65,30.0,3425.0
2026-03-10,CRWV,,Stock,15180127,Strong,Long,29.3%,XGB:0.24|LGB:0.22|LR:0.44|N:204|Base:0.30,"Doji (十字星), Doji (十字星)",4.25,-2.13,74.92,7.54,59.84,33.0,2472.0
2026-03-09,CRWV,,Stock,21487395,Strong,Long,34.0%,XGB:0.59|LGB:0.41|LR:0.48|N:203|Base:0.30,"Hammer (锤子线), Doji (十字星)",-0.4,-3.03,74.41,7.95,58.51,31.0,2306.0
2026-03-06,CRWV,,Stock,24994650,Strong + Div,Long,35.9%,XGB:0.71|LGB:0.53|LR:0.45|N:202|Base:0.30,"Hammer (锤子线), Doji (十字星)",-2.89,4.89,72.99,8.27,56.45,30.0,2189.0
2026-03-05,CRWV,,Stock,22667500,Strong,Long,33.9%,XGB:0.47|LGB:0.50|LR:0.47|N:201|Base:0.30,Hammer (锤子线),1.72,8.12,74.82,8.44,57.94,29.0,2169.0
2026-03-04,CRWV,,Stock,25322800,Strong,Long,39.9%,XGB:0.82|LGB:0.82|LR:0.60|N:200|Base:0.30,Hammer (锤子线),5.36,16.38,79.5,8.61,62.28,29.0,2305.0
2026-03-03,CRWV,,Stock,24549400,Strong,Long,34.8%,XGB:0.59|LGB:0.51|LR:0.46|N:199|Base:0.30,Hammer (锤子线),-5.66,6.28,73.78,8.74,56.3,28.0,2065.0
2026-07-28,GOOGL,谷歌,Stock,27157077,Strong,Long,46.9%,XGB:0.59|LGB:0.65|LR:0.80|N:336|Base:0.39,"Doji (十字星), Doji (十字星)",21.67,9.93,333.71,11.66,310.39,21.0,7007.0
2026-07-27,GOOGL,谷歌,Stock,28340389,Strong + AI_Bull,Long,55.1%,XGB:0.96|LGB:0.96|LR:0.82|N:335|Base:0.39,"Doji (十字星), Doji (十字星)",5.92,1.19,326.56,11.68,303.2,21.0,6857.0
2026-07-24,GOOGL,谷歌,Stock,31306769,Strong + AI_Bull,Long,51.7%,XGB:0.83|LGB:0.85|LR:0.78|N:334|Base:0.39,Doji (十字星),-5.46,-5.02,319.74,11.75,296.24,21.0,6714.0
2026-07-22,GOOGL,谷歌,Stock,31090116,Strong,Long,42.5%,XGB:0.31|LGB:0.26|LR:0.66|N:332|Base:0.39,Doji (十字星),-4.37,-0.06,342.09,10.97,320.15,22.0,7525.0
2026-07-21,GOOGL,谷歌,Stock,22327729,Strong,Long,42.6%,XGB:0.45|LGB:0.47|LR:0.72|N:331|Base:0.39,Doji (十字星),9.53,6.59,347.15,11.19,324.77,22.0,7637.0
2026-07-20,GOOGL,谷歌,Stock,24606836,Strong,Long,46.3%,XGB:0.46|LGB:0.42|LR:0.77|N:330|Base:0.39,"Bullish Engulfing (看涨吞没), Doji (十字星), Doji (十字星)",16.59,12.95,351.99,11.66,328.67,21.0,7391.0
2026-07-17,GOOGL,谷歌,Stock,29853865,Strong,Long,41.7%,XGB:0.46|LGB:0.46|LR:0.60|N:329|Base:0.39,Doji (十字星),11.17,5.11,346.77,11.57,323.63,21.0,7282.0
2026-03-06,GOOGL,谷歌,Stock,25386636,Strong,Long,38.6%,XGB:0.14|LGB:0.19|LR:0.51|N:325|Base:0.39,Doji (十字星),9.69,-4.92,298.52,8.36,281.8,29.0,8657.0
2026-03-05,GOOGL,谷歌,Stock,35513981,Strong + Div,Long,37.7%,XGB:0.13|LGB:0.11|LR:0.49|N:324|Base:0.39,"Doji (十字星), Doji (十字星)",14.39,-2.92,300.88,8.56,283.76,29.0,8725.0
2026-02-19,GOOGL,谷歌,Stock,25834395,Strong,Long,30.6%,XGB:0.04|LGB:0.03|LR:0.26|N:314|Base:0.39,"Doji (十字星), Doji (十字星), Doji (十字星)",10.71,-0.18,302.85,9.11,284.63,27.0,8176.0
2026-02-18,GOOGL,谷歌,Stock,28482075,Strong,Long,34.9%,XGB:0.04|LGB:0.04|LR:0.35|N:313|Base:0.40,"Doji (十字星), Doji (十字星)",4.63,0.53,303.33,9.39,284.55,26.0,7886.0
2026-02-17,GOOGL,谷歌,Stock,39247556,Strong + Div,Long,36.8%,XGB:0.09|LGB:0.08|LR:0.43|N:312|Base:0.40,Doji (十字星),-5.5,-1.4,302.02,9.8,282.42,25.0,7550.0
2026-08-03,HOOD,罗宾汉,Stock,19327655,Strong,Long,39.9%,XGB:0.50|LGB:0.51|LR:0.59|N:340|Base:0.35,"Doji (十字星), Doji (十字星)",18.93,13.24,90.34,6.47,77.4,38.0,3432.0
2026-07-31,HOOD,罗宾汉,Stock,22775741,Strong + Div,Long,35.8%,XGB:0.34|LGB:0.34|LR:0.57|N:339|Base:0.35,Doji (十字星),2.22,19.75,86.56,6.43,73.7,38.0,3289.0
2026-05-27,HOOD,罗宾汉,Stock,25185331,Strong,Long,31.2%,XGB:0.24|LGB:0.12|LR:0.35|N:294|Base:0.35,"Doji (十字星), Bullish Engulfing (看涨吞没)",17.38,43.02,76.23,3.95,68.33,63.0,4802.0
2026-04-27,HOOD,罗宾汉,Stock,19864225,Strong,Long,35.9%,XGB:0.40|LGB:0.39|LR:0.44|N:297|Base:0.34,Doji (十字星),21.72,90.65,83.95,4.54,74.87,55.0,4617.0
2026-03-26,HOOD,罗宾汉,Stock,21208826,Strong,Long,40.9%,XGB:0.51|LGB:0.61|LR:0.37|N:339|Base:0.36,Inverted Hammer (倒锤子线),22.31,1.13,70.35,4.3,61.75,58.0,4080.0
2026-03-25,HOOD,罗宾汉,Stock,27320733,Strong,Long,40.0%,XGB:0.43|LGB:0.61|LR:0.38|N:338|Base:0.36,Inverted Hammer (倒锤子线),28.33,5.34,72.54,4.36,63.82,57.0,4134.0
2026-03-19,HOOD,罗宾汉,Stock,21440117,Strong,Long,37.7%,XGB:0.53|LGB:0.69|LR:0.29|N:334|Base:0.36,Doji (十字星),19.86,8.56,74.16,4.43,65.3,56.0,4152.0
2026-03-18,HOOD,罗宾汉,Stock,21842423,Strong,Long,39.3%,XGB:0.70|LGB:0.79|LR:0.29|N:333|Base:0.36,Doji (十字星),18.62,9.92,74.9,4.5,65.9,55.0,4119.0
2026-03-17,HOOD,罗宾汉,Stock,20131531,Strong,Long,38.0%,XGB:0.42|LGB:0.52|LR:0.24|N:332|Base:0.36,Doji (十字星),19.07,14.43,77.35,4.66,68.03,53.0,4099.0
2026-03-16,HOOD,罗宾汉,Stock,22641027,Strong,Long,38.1%,XGB:0.38|LGB:0.59|LR:0.23|N:331|Base:0.36,Doji (十字星),4.41,10.67,75.31,4.83,65.65,51.0,3840.0
2026-02-24,HOOD,罗宾汉,Stock,23571757,Strong,Long,33.3%,XGB:0.26|LGB:0.23|LR:0.26|N:317|Base:0.37,Piercing Line (刺透形态),31.42,2.53,73.39,5.6,62.19,44.0,3229.0
2026-02-20,HOOD,罗宾汉,Stock,30283907,Strong,Long,38.3%,XGB:0.49|LGB:0.39|LR:0.34|N:315|Base:0.37,Inverted Hammer (倒锤子线),32.92,3.48,76.11,5.75,64.61,43.0,3272.0
2026-02-18,HOOD,罗宾汉,Stock,25655440,Strong,Long,34.5%,XGB:0.25|LGB:0.25|LR:0.44|N:313|Base:0.37,Doji (十字星),27.98,2.19,75.21,6.22,62.77,40.0,3008.0
2026-02-17,HOOD,罗宾汉,Stock,31818504,Strong,Long,37.8%,XGB:0.43|LGB:0.32|LR:0.50|N:312|Base:0.37,Doji (十字星),26.93,2.52,75.44,6.38,62.68,39.0,2942.0
2026-02-13,HOOD,罗宾汉,Stock,43506942,Strong,Long,40.5%,XGB:0.51|LGB:0.44|LR:0.57|N:311|Base:0.37,Doji (十字星),22.52,2.25,75.97,6.57,62.83,38.0,2886.0
2026-01-27,HOOD,罗宾汉,Stock,18339511,Strong + Div,Long,37.3%,XGB:0.39|LGB:0.35|LR:0.35|N:298|Base:0.38,Doji (十字星),1.68,-5.82,105.24,5.09,95.06,49.0,5156.0
2026-01-26,HOOD,罗宾汉,Stock,11501606,Strong,Long,38.3%,XGB:0.45|LGB:0.36|LR:0.38|N:297|Base:0.38,"Doji (十字星), Doji (十字星), Doji (十字星)",7.29,-1.95,107.0,5.14,96.72,48.0,5136.0
2026-01-23,HOOD,罗宾汉,Stock,17691110,Strong,Long,43.5%,XGB:0.61|LGB:0.66|LR:0.40|N:296|Base:0.38,"Doji (十字星), Doji (十字星), Doji (十字星)",3.23,3.33,106.99,5.25,96.49,47.0,5028.0
2026-01-22,HOOD,罗宾汉,Stock,14834367,Strong,Long,32.8%,XGB:0.21|LGB:0.21|LR:0.23|N:295|Base:0.37,"Doji (十字星), Doji (十字星)",-2.76,1.7,106.25,5.26,95.73,47.0,4993.0
2026-01-21,HOOD,罗宾汉,Stock,20051270,Strong,Long,33.8%,XGB:0.24|LGB:0.26|LR:0.26|N:294|Base:0.37,"Doji (十字星), Doji (十字星)",-4.91,0.98,105.92,5.43,95.06,46.0,4872.0
2026-01-20,HOOD,罗宾汉,Stock,23515700,Strong,Long,37.0%,XGB:0.33|LGB:0.46|LR:0.24|N:293|Base:0.37,Doji (十字星),-2.77,0.67,105.78,5.58,94.62,44.0,4654.0
2026-01-02,HOOD,罗宾汉,Stock,25793456,Strong,Long,31.9%,XGB:0.34|LGB:0.20|LR:0.52|HMM:1,Doji (十字星),17.64,23.84,115.21,4.93,105.35,50.0,5760.0
2026-06-29,META,元宇宙(Facebook),Stock,14265970,Strong,Long,33.7%,XGB:0.34|LGB:0.37|LR:0.53|N:316|Base:0.32,"Doji (十字星), Doji (十字星), Doji (十字星)",24.52,4.24,562.6,18.74,525.12,13.0,7313.0
2026-06-24,META,元宇宙(Facebook),Stock,13155272,Strong + Div,Long,31.8%,XGB:0.29|LGB:0.36|LR:0.36|N:313|Base:0.31,Doji (十字星),2.29,-9.41,557.67,18.85,519.97,13.0,7249.0
2026-06-23,META,元宇宙(Facebook),Stock,12388472,Strong + Div,Long,33.1%,XGB:0.39|LGB:0.36|LR:0.37|N:312|Base:0.31,Doji (十字星),12.29,-7.49,562.2,19.26,523.68,12.0,6746.0
2026-06-22,META,元宇宙(Facebook),Stock,15212440,Strong + Div,Long,33.1%,XGB:0.38|LGB:0.37|LR:0.37|N:311|Base:0.32,Doji (十字星),23.13,-6.47,563.85,19.89,524.07,12.0,6766.0
2026-06-18,META,元宇宙(Facebook),Stock,26843593,Strong,Long,34.2%,XGB:0.38|LGB:0.39|LR:0.49|N:310|Base:0.32,Doji (十字星),39.34,2.35,577.22,20.08,537.06,12.0,6926.0
2026-06-15,META,元宇宙(Facebook),Stock,16432589,Strong,Long,41.9%,XGB:0.85|LGB:0.89|LR:0.55|N:307|Base:0.32,Doji (十字星),27.12,12.36,593.48,19.67,554.14,12.0,7121.0
2026-06-12,META,元宇宙(Facebook),Stock,14304863,Strong + Div,Long,29.5%,XGB:0.18|LGB:0.24|LR:0.39|N:306|Base:0.31,Doji (十字星),-0.05,7.14,566.98,18.55,529.88,13.0,7370.0
2026-06-11,META,元宇宙(Facebook),Stock,16355426,Strong + Div,Long,31.0%,XGB:0.22|LGB:0.33|LR:0.40|N:305|Base:0.31,Doji (十字星),-3.89,7.97,568.43,18.81,530.81,13.0,7389.0
2026-03-30,META,元宇宙(Facebook),Stock,22495694,Strong,Long,33.9%,XGB:0.15|LGB:0.32|LR:0.58|N:278|Base:0.30,Doji (十字星),8.53,-5.88,536.38,19.71,496.96,12.0,6436.0
2026-03-25,META,元宇宙(Facebook),Stock,12161179,Strong,Long,38.8%,XGB:0.53|LGB:0.49|LR:0.46|N:338|Base:0.34,Doji (十字星),9.13,-6.95,594.89,17.16,560.57,14.0,8328.0
2026-03-23,META,元宇宙(Facebook),Stock,13258580,Strong,Long,33.3%,XGB:0.28|LGB:0.25|LR:0.48|N:336|Base:0.34,Doji (十字星),9.91,-2.4,604.06,18.01,568.04,13.0,7852.0
2026-03-18,META,元宇宙(Facebook),Stock,11622275,Strong,Long,35.4%,XGB:0.45|LGB:0.72|LR:0.23|N:333|Base:0.35,Doji (十字星),3.18,2.38,615.68,18.52,578.64,13.0,8003.0
2026-03-16,META,元宇宙(Facebook),Stock,14353381,Strong,Long,37.7%,XGB:0.34|LGB:0.53|LR:0.50|N:331|Base:0.35,Doji (十字星),10.55,8.73,627.45,19.67,588.11,12.0,7529.0
2026-01-20,META,元宇宙(Facebook),Stock,15169565,Strong + Div,Long,33.2%,XGB:0.25|LGB:0.22|LR:0.43|N:293|Base:0.35,Doji (十字星),0.17,14.97,604.12,14.95,574.22,16.0,9665.0
2026-07-27,MSFT,微软,Stock,27753671,Strong,Long,39.8%,XGB:0.60|LGB:0.61|LR:0.34|N:335|Base:0.33,Doji (十字星),16.14,28.35,389.1,11.77,365.56,21.0,8171.0
2026-06-26,MSFT,微软,Stock,181041665,Strong,Long,41.7%,XGB:0.72|LGB:0.60|LR:0.52|N:315|Base:0.33,Doji (十字星),33.79,0.58,372.97,13.2,346.57,18.0,6713.0
2026-06-23,MSFT,微软,Stock,39415431,Strong,Long,32.1%,XGB:0.08|LGB:0.08|LR:0.44|N:312|Base:0.33,"Doji (十字星), Doji (十字星)",10.31,-9.82,373.94,11.94,350.06,20.0,7478.0
2026-06-18,MSFT,微软,Stock,58466440,Strong,Long,33.1%,XGB:0.14|LGB:0.14|LR:0.45|N:310|Base:0.33,Doji (十字星),9.39,3.19,379.4,11.91,355.58,20.0,7588.0
2026-06-16,MSFT,微软,Stock,31182390,Strong,Long,32.6%,XGB:0.07|LGB:0.16|LR:0.43|N:308|Base:0.33,"Doji (十字星), Doji (十字星), Doji (十字星)",19.6,8.77,393.83,11.87,370.09,21.0,8270.0
2026-06-15,MSFT,微软,Stock,31889993,Strong,Long,34.5%,XGB:0.27|LGB:0.40|LR:0.50|N:307|Base:0.34,"Doji (十字星), Doji (十字星), Doji (十字星)",16.24,14.26,399.76,12.09,375.58,20.0,7995.0
2026-03-23,MSFT,微软,Stock,28357488,Strong,Long,30.2%,XGB:0.23|LGB:0.29|LR:0.23|N:336|Base:0.32,Doji (十字星),-6.13,0.37,383.0,8.5,366.0,29.0,11107.0
2026-03-19,MSFT,微软,Stock,24689447,Strong,Long,26.5%,XGB:0.09|LGB:0.11|LR:0.22|N:334|Base:0.32,Doji (十字星),-9.08,8.7,389.02,8.72,371.58,28.0,10892.0
2026-02-20,MSFT,微软,Stock,34015249,Strong,Long,26.5%,XGB:0.13|LGB:0.11|LR:0.02|N:315|Base:0.33,"Doji (十字星), Doji (十字星), Doji (十字星)",10.17,1.57,397.23,11.0,375.23,22.0,8739.0
2026-02-19,MSFT,微软,Stock,28234001,Strong,Long,28.8%,XGB:0.21|LGB:0.23|LR:0.03|N:314|Base:0.33,"Doji (十字星), Doji (十字星), Doji (十字星), Doji (十字星)",18.43,2.55,398.46,11.46,375.54,21.0,8367.0
2026-02-18,MSFT,微软,Stock,23223417,Strong,Long,28.4%,XGB:0.30|LGB:0.40|LR:0.03|N:313|Base:0.33,"Doji (十字星), Doji (十字星), Doji (十字星)",21.62,3.46,399.6,11.75,376.1,21.0,8391.0
2026-02-17,MSFT,微软,Stock,32078794,Strong,Long,28.8%,XGB:0.28|LGB:0.45|LR:0.04|N:312|Base:0.33,Doji (十字星),20.09,1.27,396.86,12.17,372.52,20.0,7937.0
2026-02-13,MSFT,微软,Stock,34091553,Strong,Long,30.9%,XGB:0.19|LGB:0.39|LR:0.06|N:311|Base:0.33,"Doji (十字星), Doji (十字星)",30.53,6.72,401.32,12.59,376.14,19.0,7625.0
2026-02-10,MSFT,微软,Stock,44857850,Strong,Long,33.6%,XGB:0.49|LGB:0.55|LR:0.21|N:308|Base:0.34,"Doji (十字星), Doji (十字星)",31.87,16.26,413.27,13.18,386.91,18.0,7438.0
2026-02-09,MSFT,微软,Stock,45480526,Strong,Long,38.9%,XGB:0.83|LGB:0.89|LR:0.30|N:307|Base:0.34,"Doji (十字星), Doji (十字星)",9.12,16.52,413.6,13.35,386.9,18.0,7444.0
2026-02-06,MSFT,微软,Stock,53515311,Strong,Long,29.0%,XGB:0.30|LGB:0.42|LR:0.05|N:306|Base:0.33,Doji (十字星),-6.21,11.58,401.14,13.3,374.54,18.0,7220.0
2026-02-04,MSFT,微软,Stock,45012374,Strong,Long,30.7%,XGB:0.19|LGB:0.34|LR:0.12|N:304|Base:0.34,Doji (十字星),-10.0,9.95,414.19,13.01,388.17,19.0,7869.0
2026-02-02,MSFT,微软,Stock,42219858,Strong + Div,Long,36.8%,XGB:0.43|LGB:0.58|LR:0.22|N:302|Base:0.34,Hammer (锤子线),1.32,7.28,423.37,13.07,397.23,19.0,8044.0
2026-01-22,MSFT,微软,Stock,25349378,Strong,Long,32.7%,XGB:0.50|LGB:0.55|LR:0.16|N:295|Base:0.34,"Doji (十字星), Doji (十字星)",18.44,16.89,451.14,8.94,433.26,27.0,12180.0
2026-01-20,MSFT,微软,Stock,26129992,Strong + Div,Long,31.0%,XGB:0.12|LGB:0.35|LR:0.23|N:293|Base:0.34,Doji (十字星),-0.15,8.43,454.52,8.42,437.68,29.0,13181.0
2026-01-16,MSFT,微软,Stock,34246650,Strong,Long,33.9%,XGB:0.37|LGB:0.35|LR:0.26|N:292|Base:0.34,Doji (十字星),-4.52,10.7,459.86,8.26,443.34,30.0,13795.0
2026-01-05,MSFT,微软,Stock,25250260,Strong,Long,34.6%,XGB:0.35|LGB:0.38|LR:0.33|N:283|Base:0.34,Doji (十字星),5.04,13.02,472.85,7.58,457.69,32.0,15131.0
2026-06-11,MU,美光科技,Stock,56337333,Strong,Long,46.3%,XGB:0.53|LGB:0.45|LR:0.79|N:305|Base:0.43,"Hammer (锤子线), Inverted Hammer (倒锤子线)",31.97,84.49,995.87,75.28,845.31,3.0,2987.0
2026-04-02,MU,美光科技,Stock,50933285,Strong,Long,42.2%,XGB:0.46|LGB:0.34|LR:0.60|N:281|Base:0.42,Doji (十字星),39.23,12.53,366.24,27.81,310.62,8.0,2929.0
2026-04-01,MU,美光科技,Stock,73934765,Strong,Long,46.7%,XGB:0.58|LGB:0.56|LR:0.77|N:280|Base:0.42,Doji (十字星),25.53,13.32,367.85,27.82,312.21,8.0,2942.0
2026-03-27,MU,美光科技,Stock,45124891,Strong + AI_Bull,Long,54.3%,XGB:0.85|LGB:0.74|LR:0.78|N:340|Base:0.44,Doji (十字星),-16.7,9.39,357.22,25.58,306.06,9.0,3214.0
2026-07-06,NVDA,英伟达,Stock,96954806,Strong,Long,39.2%,XGB:0.37|LGB:0.43|LR:0.53|N:320|Base:0.38,"Doji (十字星), Doji (十字星), Doji (十字星)",37.12,-6.98,195.55,6.85,181.85,36.0,7039.0
2026-07-01,NVDA,英伟达,Stock,134672012,Strong,Long,38.6%,XGB:0.34|LGB:0.46|LR:0.41|N:318|Base:0.38,"Doji (十字星), Doji (十字星), Doji (十字星)",32.71,-2.54,197.58,7.06,183.46,35.0,6915.0
2026-06-30,NVDA,英伟达,Stock,163092701,Strong,Long,41.5%,XGB:0.45|LGB:0.55|LR:0.51|N:317|Base:0.38,"Doji (十字星), Doji (十字星), Doji (十字星)",29.73,1.64,200.09,7.09,185.91,35.0,7003.0
2026-06-29,NVDA,英伟达,Stock,146600013,Strong,Long,43.0%,XGB:0.55|LGB:0.58|LR:0.53|N:316|Base:0.38,"Doji (十字星), Doji (十字星)",8.07,-6.88,194.97,7.21,180.55,34.0,6628.0
2026-06-26,NVDA,英伟达,Stock,177757849,Strong,Long,41.0%,XGB:0.42|LGB:0.55|LR:0.49|N:315|Base:0.38,Doji (十字星),-0.3,-0.24,192.53,7.27,177.99,34.0,6546.0
2026-06-24,NVDA,英伟达,Stock,149005898,Strong + Div,Long,47.4%,XGB:0.77|LGB:0.75|LR:0.50|N:313|Base:0.38,Doji (十字星),15.09,5.44,199.0,7.39,184.22,33.0,6567.0
2026-05-06,NVDA,英伟达,Stock,188205964,Strong,Long,45.9%,XGB:0.75|LGB:0.58|LR:0.77|N:280|Base:0.38,Doji (十字星),25.17,94.57,207.83,6.57,194.69,38.0,7897.0
2026-03-25,NVDA,英伟达,Stock,162047260,Strong,Long,47.2%,XGB:0.80|LGB:0.74|LR:0.63|N:338|Base:0.36,"Doji (十字星), Doji (十字星)",27.06,10.95,178.68,5.55,167.58,45.0,8040.0
2026-03-24,NVDA,英伟达,Stock,142336713,Strong,Long,40.4%,XGB:0.40|LGB:0.26|LR:0.66|N:337|Base:0.35,Doji (十字星),9.33,0.78,175.2,5.51,164.18,45.0,7883.0
2026-03-19,NVDA,英伟达,Stock,168466737,Strong,Long,39.9%,XGB:0.50|LGB:0.51|LR:0.54|N:334|Base:0.35,Doji (十字星),24.05,19.46,178.56,5.69,167.18,43.0,7678.0
2026-03-09,NVDA,英伟达,Stock,176552775,Strong,Long,40.2%,XGB:0.55|LGB:0.49|LR:0.52|N:326|Base:0.35,Bullish Engulfing (看涨吞没),21.9,30.26,182.65,6.45,169.75,38.0,6940.0
2026-01-21,NVDA,英伟达,Stock,200380959,Strong,Long,41.4%,XGB:0.60|LGB:0.65|LR:0.46|N:294|Base:0.35,Doji (十字星),33.6,65.4,183.32,5.57,172.18,44.0,8066.0
2026-01-14,NVDA,英伟达,Stock,159586135,Strong + Div,Long,38.7%,XGB:0.45|LGB:0.52|LR:0.54|N:290|Base:0.35,Doji (十字星),7.73,55.1,183.14,5.15,172.84,48.0,8790.0
2026-06-30,PLTR,帕兰提尔,Stock,35240249,Strong,Long,36.7%,XGB:0.41|LGB:0.44|LR:0.55|N:317|Base:0.33,"Doji (十字星), Doji (十字星), Bullish Engulfing (看涨吞没)",36.36,4.15,116.67,6.32,104.03,39.0,4550.0
2026-06-29,PLTR,帕兰提尔,Stock,43802400,Strong,Long,43.0%,XGB:0.69|LGB:0.71|LR:0.55|N:316|Base:0.34,"Doji (十字星), Doji (十字星)",26.66,2.83,115.7,6.49,102.72,38.0,4396.0
2026-06-26,PLTR,帕兰提尔,Stock,59985261,Strong,Long,38.2%,XGB:0.46|LGB:0.54|LR:0.53|N:315|Base:0.33,Doji (十字星),11.73,-0.86,112.93,6.52,99.89,38.0,4291.0
2026-06-24,PLTR,帕兰提尔,Stock,45608183,Strong + Div,Long,36.9%,XGB:0.49|LGB:0.47|LR:0.39|N:313|Base:0.33,Doji (十字星),-1.25,-7.86,113.5,6.45,100.6,38.0,4313.0
2026-06-17,PLTR,帕兰提尔,Stock,31031308,Strong,Long,29.4%,XGB:0.14|LGB:0.17|LR:0.30|N:309|Base:0.34,"Hammer (锤子线), Inverted Hammer (倒锤子线)",27.69,3.78,130.63,6.4,117.83,39.0,5094.0
2026-06-16,PLTR,帕兰提尔,Stock,29119561,Strong,Long,31.0%,XGB:0.18|LGB:0.28|LR:0.28|N:308|Base:0.34,"Doji (十字星), Hammer (锤子线)",27.07,9.28,133.25,6.42,120.41,38.0,5063.0
2026-06-15,PLTR,帕兰提尔,Stock,37284115,Strong,Long,32.4%,XGB:0.19|LGB:0.37|LR:0.32|N:307|Base:0.34,Doji (十字星),14.18,12.35,134.71,6.52,121.67,38.0,5118.0
2026-06-10,PLTR,帕兰提尔,Stock,29150613,Strong,Long,35.0%,XGB:0.36|LGB:0.43|LR:0.31|N:304|Base:0.34,Doji (十字星),-8.63,18.97,130.21,6.82,116.57,36.0,4687.0
2026-05-01,PLTR,帕兰提尔,Stock,33013669,Strong,Long,42.4%,XGB:0.76|LGB:0.59|LR:0.46|N:301|Base:0.35,"Hammer (锤子线), Doji (十字星), Doji (十字星)",32.2,58.18,144.07,6.48,131.11,38.0,5474.0
2026-04-01,PLTR,帕兰提尔,Stock,34056743,Strong,Long,36.2%,XGB:0.35|LGB:0.44|LR:0.50|N:280|Base:0.34,Doji (十字星),28.51,56.04,146.49,6.95,132.59,35.0,5127.0
2026-02-24,PLTR,帕兰提尔,Stock,47121438,Strong + Div,Long,36.1%,XGB:0.28|LGB:0.45|LR:0.41|N:317|Base:0.36,"Hammer (锤子线), Doji (十字星)",23.49,-6.05,128.84,7.73,113.38,32.0,4122.0
2026-02-18,PLTR,帕兰提尔,Stock,59677079,Strong,Long,43.4%,XGB:0.58|LGB:0.70|LR:0.54|N:313|Base:0.36,Doji (十字星),39.71,-2.98,135.38,8.47,118.44,29.0,3926.0
2026-02-10,PLTR,帕兰提尔,Stock,56061308,Strong,Long,47.6%,XGB:0.80|LGB:0.78|LR:0.67|N:308|Base:0.36,Doji (十字星),35.01,-0.1,139.51,8.85,121.81,28.0,3906.0
2026-02-09,PLTR,帕兰提尔,Stock,58042462,Strong,Long,44.7%,XGB:0.65|LGB:0.67|LR:0.68|N:307|Base:0.36,Doji (十字星),32.75,3.65,142.91,8.93,125.05,27.0,3858.0
2026-02-06,PLTR,帕兰提尔,Stock,62661425,Strong,Long,42.3%,XGB:0.60|LGB:0.56|LR:0.59|N:306|Base:0.36,Doji (十字星),13.22,-2.63,135.9,8.76,118.38,28.0,3805.0
2026-01-26,PLTR,帕兰提尔,Stock,22777164,Strong,Long,41.0%,XGB:0.52|LGB:0.55|LR:0.52|N:297|Base:0.36,Doji (十字星),28.73,14.97,167.47,6.81,153.85,36.0,6028.0
2026-01-06,PLTR,帕兰提尔,Stock,34838611,Strong,Long,38.6%,XGB:0.44|LGB:0.45|LR:0.45|N:284|Base:0.37,Doji (十字星),23.62,57.5,179.71,7.4,164.91,33.0,5930.0
2026-01-05,PLTR,帕兰提尔,Stock,39511693,Strong,Long,33.5%,XGB:0.23|LGB:0.24|LR:0.33|N:283|Base:0.36,Doji (十字星),-1.53,48.91,174.04,7.49,159.06,33.0,5743.0
2026-08-03,TSLA,特斯拉,Stock,37162483,Strong,Long,42.8%,XGB:0.61|LGB:0.63|LR:0.51|N:340|Base:0.36,"Doji (十字星), Doji (十字星)",27.51,3.55,322.08,16.64,288.8,15.0,4831.0
2026-07-31,TSLA,特斯拉,Stock,35616593,Strong,Long,37.5%,XGB:0.35|LGB:0.49|LR:0.43|N:339|Base:0.35,"Doji (十字星), Doji (十字星)",13.51,-3.37,311.21,16.82,277.57,14.0,4356.0
2026-07-30,TSLA,特斯拉,Stock,36553979,Strong,Long,41.7%,XGB:0.62|LGB:0.55|LR:0.48|N:338|Base:0.36,Doji (十字星),6.9,-4.72,308.85,17.08,274.69,14.0,4323.0
2026-07-28,TSLA,特斯拉,Stock,38773921,Strong + Div,Long,35.7%,XGB:0.24|LGB:0.43|LR:0.48|N:336|Base:0.35,Doji (十字星),2.2,-7.32,307.44,17.87,271.7,13.0,3996.0
2026-07-22,TSLA,特斯拉,Stock,27489260,Strong,Long,39.4%,XGB:0.50|LGB:0.36|LR:0.67|N:332|Base:0.36,Doji (十字星),4.87,0.4,374.01,16.05,341.91,15.0,5610.0
2026-07-21,TSLA,特斯拉,Stock,31140392,Strong,Long,40.3%,XGB:0.52|LGB:0.42|LR:0.67|N:331|Base:0.36,Doji (十字星),5.27,5.37,378.93,16.72,345.49,14.0,5305.0
2026-07-17,TSLA,特斯拉,Stock,29958144,Strong,Long,40.9%,XGB:0.54|LGB:0.45|LR:0.66|N:329|Base:0.36,Doji (十字星),-2.53,14.07,380.84,16.88,347.08,14.0,5331.0
2026-06-26,TSLA,特斯拉,Stock,48464179,Strong,Long,39.5%,XGB:0.37|LGB:0.52|LR:0.62|N:315|Base:0.36,"Doji (十字星), Bullish Engulfing (看涨吞没)",8.26,18.36,379.71,16.77,346.17,14.0,5315.0
2026-06-25,TSLA,特斯拉,Stock,28803361,Strong + Div,Long,40.0%,XGB:0.44|LGB:0.45|LR:0.69|N:314|Base:0.36,Doji (十字星),-1.18,14.36,375.12,16.59,341.94,15.0,5626.0
2026-04-30,TSLA,特斯拉,Stock,50790901,Strong,Long,41.1%,XGB:0.52|LGB:0.61|LR:0.53|N:300|Base:0.36,"Inverted Hammer (倒锤子线), Doji (十字星), Doji (十字星), Bullish Engulfing (看涨吞没)",23.49,67.22,381.63,14.27,353.09,17.0,6487.0
2026-04-28,TSLA,特斯拉,Stock,50307720,Strong,Long,36.7%,XGB:0.34|LGB:0.39|LR:0.52|N:298|Base:0.36,"Inverted Hammer (倒锤子线), Doji (十字星)",18.61,61.71,376.02,14.68,346.66,17.0,6392.0
2026-04-13,TSLA,特斯拉,Stock,52761941,Strong,Long,36.2%,XGB:0.34|LGB:0.41|LR:0.41|N:287|Base:0.36,"Doji (十字星), Doji (十字星), Doji (十字星), Doji (十字星)",28.99,12.28,352.42,14.26,323.9,17.0,5991.0
2026-04-10,TSLA,特斯拉,Stock,50310339,Strong,Long,33.8%,XGB:0.28|LGB:0.26|LR:0.40|N:286|Base:0.35,"Doji (十字星), Doji (十字星), Doji (十字星)",19.03,4.29,348.95,14.76,319.43,16.0,5583.0
2026-04-09,TSLA,特斯拉,Stock,61134264,Strong,Long,34.8%,XGB:0.33|LGB:0.28|LR:0.43|N:285|Base:0.35,"Doji (十字星), Doji (十字星)",11.45,1.67,345.62,15.3,315.02,16.0,5529.0
2026-04-08,TSLA,特斯拉,Stock,78262380,Strong + Div,Long,38.8%,XGB:0.46|LGB:0.50|LR:0.47|N:284|Base:0.36,Doji (十字星),8.8,-0.19,343.25,15.59,312.07,16.0,5492.0
2026-04-07,TSLA,特斯拉,Stock,68823279,Strong + Div,Long,44.2%,XGB:0.78|LGB:0.68|LR:0.49|N:283|Base:0.36,Doji (十字星),13.48,2.48,346.65,14.88,316.89,16.0,5546.0
2026-03-16,TSLA,特斯拉,Stock,57799658,Strong,Long,34.8%,XGB:0.23|LGB:0.33|LR:0.48|N:331|Base:0.36,Doji (十字星),35.8,10.27,395.56,13.85,367.86,18.0,7120.0
2026-02-24,TSLA,特斯拉,Stock,58579482,Strong,Long,34.5%,XGB:0.29|LGB:0.28|LR:0.40|N:317|Base:0.36,Bullish Engulfing (看涨吞没),21.44,14.99,409.38,14.85,379.68,16.0,6550.0
2026-02-06,TSLA,特斯拉,Stock,62677144,Strong,Long,41.5%,XGB:0.62|LGB:0.53|LR:0.42|N:306|Base:0.37,Doji (十字星),30.52,10.48,411.11,16.39,378.33,15.0,6166.0
2026-02-05,TSLA,特斯拉,Stock,72819838,Strong + Div,Long,36.9%,XGB:0.35|LGB:0.39|LR:0.43|N:305|Base:0.36,Doji (十字星),7.39,0.76,397.21,16.32,364.57,15.0,5958.0
2026-02-03,TSLA,特斯拉,Stock,56886549,Strong,Long,39.5%,XGB:0.41|LGB:0.51|LR:0.50|N:303|Base:0.37,"Doji (十字星), Doji (十字星)",13.25,1.55,421.96,15.5,390.96,16.0,6751.0
2026-02-02,TSLA,特斯拉,Stock,58739455,Strong,Long,44.2%,XGB:0.59|LGB:0.73|LR:0.54|N:302|Base:0.37,Doji (十字星),15.43,0.74,421.81,15.54,390.73,16.0,6748.0
2026-01-30,TSLA,特斯拉,Stock,82626066,Strong,Long,44.4%,XGB:0.79|LGB:0.57|LR:0.50|N:301|Base:0.37,Inverted Hammer (倒锤子线),24.93,19.27,430.41,15.52,399.37,16.0,6886.0
2026-01-08,TSLA,特斯拉,Stock,57041094,Strong,Long,30.9%,XGB:0.25|LGB:0.27|LR:0.49|HMM:1,Piercing Line (刺透形态),5.62,48.64,435.8,15.42,404.96,16.0,6972.0
2026-02-27,NO_SIGNAL,无信号,Info,0,No Signal,,,,无信号,,,,,,,
